intent_id,category,text,groq_language,groq_emotion,label_success,human_language,human_emotion,reviewed
ask_fees_branch,Admissions,What is the annual fee for CSE?,en,neutral,True,,,
ask_fees_branch,Admissions,Fee structure for AIML branch.,en,neutral,True,,,
ask_fees_branch,Admissions,How much are the tuition fees for ECE?,en,neutral,True,,,
ask_fees_branch,Admissions,Total yearly fees for Mechanical Engineering?,en,neutral,True,,,
ask_fees_branch,Admissions,What is the cost of studying Data Science?,en,neutral,True,,,
ask_fees_branch,Admissions,What are the semester fees for ISE?,en,neutral,True,,,
ask_fees_branch,Admissions,Can you share the complete fee structure for Cyber Security?,en,neutral,True,,,
ask_fees_branch,Admissions,How much does the Computer Science course cost?,en,neutral,True,,,
ask_fees_branch,Admissions,What is the total expense for the AIML program?,en,neutral,True,,,
ask_fees_branch,Admissions,Are hostel fees included in the branch fees?,en,neutral,True,,,
ask_fees_branch,Admissions,CSE ki fees kitni hai?,hi,neutral,True,,,
ask_fees_branch,Admissions,AIML branch ka total kharcha kitna padega?,hi,neutral,True,,,
ask_fees_branch,Admissions,Cyber Security ke liye kitna paisa chahiye?,hi,neutral,True,,,
ask_fees_branch,Admissions,Computer Science ka annual fee kya hai?,hi,neutral,True,,,
ask_fees_branch,Admissions,ECE branch ki yearly fees kitni hai?,hi,neutral,True,,,
ask_fees_branch,Admissions,Data Science course ka total fee structure kya hai?,hi,neutral,True,,,
ask_fees_branch,Admissions,ISE ki semester fees kitni hain?,hi,neutral,True,,,
ask_fees_branch,Admissions,Mechanical Engineering ka poora kharcha kitna hoga?,hi,neutral,True,,,
ask_fees_branch,Admissions,CSE ge fee eshtu?,kn,neutral,True,,,
ask_fees_branch,Admissions,AIML branch ge total fees eshtu?,kn,neutral,True,,,
ask_fees_branch,Admissions,Mechanical ge yearly fee eshtu barutte?,kn,neutral,True,,,
ask_fees_branch,Admissions,ECE ge annual fee eshtu?,kn,neutral,True,,,
ask_fees_branch,Admissions,Data Science ge fee structure enu?,kn,neutral,True,,,
ask_fees_branch,Admissions,ISE branch ge semester fee eshtu?,kn,neutral,True,,,
ask_fees_branch,Admissions,Cyber Security ge total kharcha eshtu?,hi,neutral,True,,,
ask_fees_branch,Admissions,How much should I budget for my daughter's CSE course?,en,neutral,True,,,
ask_fees_branch,Admissions,My son wants to join AIML. What would be the total expense?,en,neutral,True,,,
ask_fees_branch,Admissions,I want to know what kind of money situation I am looking at for joining the Computer Science branch.,en,neutral,True,,,
ask_fees_branch,Admissions,We are planning for my child's admission. What will be the overall academic fees?,en,neutral,True,,,
ask_fees_branch,Admissions,Can you tell me the approximate cost for completing the entire course?,en,neutral,True,,,
ask_fees_branch,Admissions,Can I pay the fees in installments?,en,neutral,True,,,
ask_fees_branch,Admissions,Is the fee the same for all four years?,en,neutral,True,,,
ask_fees_branch,Admissions,"Apart from tuition fee, are there any additional charges?",en,neutral,True,,,
ask_fees_branch,Admissions,What will be the total expense including hostel?,en,neutral,True,,,
ask_fees_branch,Admissions,How much budget should we keep ready for engineering?,en,neutral,True,,,
ask_fees_branch,Admissions,Does the fee increase every academic year?,en,neutral,True,,,
ask_fees_branch,Admissions,Can you tell me the complete cost from first year to graduation?,en,neutral,True,,,
ask_fees_branch,Admissions,What is the government quota fee for CSE?,en,neutral,True,,,
ask_fees_branch,Admissions,How much is the management quota fee for AIML?,en,neutral,True,,,
ask_fees_branch,Admissions,What will be the total cost including transport?,en,neutral,True,,,
ask_fees_branch,Admissions,Fees installment mein pay kar sakte hain?,hi,neutral,True,,,
ask_fees_branch,Admissions,Kya chaar saal fees same rahegi?,hi,neutral,True,,,
ask_fees_branch,Admissions,Tuition ke alawa aur koi charges hain?,hi,neutral,True,,,
ask_fees_branch,Admissions,Hostel ke saath total kitna kharcha hoga?,hi,neutral,True,,,
ask_fees_branch,Admissions,Government quota mein fees kitni hai?,hi,neutral,True,,,
ask_fees_branch,Admissions,Management quota ka total fee kitna padega?,hi,neutral,True,,,
ask_fees_branch,Admissions,Engineering ke liye total budget kitna rakhna chahiye?,hi,neutral,True,,,
ask_fees_branch,Admissions,Scholarship ke baad kitni fees deni padegi?,hi,worried,True,,,
ask_fees_branch,Admissions,Fees installment alli pay maadbahuda?,kn,neutral,True,,,
ask_fees_branch,Admissions,Ella 4 years fee same irutta?,en,confused,True,,neutral,bulk_fix_kannada_question_tag
ask_fees_branch,Admissions,Tuition bere yavudadhru charges idiya?,kn,neutral,True,,,
ask_fees_branch,Admissions,Hostel jothe total kharcha eshtu agutte?,kn,neutral,True,,,
ask_fees_branch,Admissions,Government quota fee eshtu?,kn,neutral,True,,,
ask_fees_branch,Admissions,Management seat ge total fee eshtu?,kn,neutral,True,,,
ask_fees_branch,Admissions,Engineering ge total budget eshtu beku?,kn,neutral,True,,,
ask_fees_branch,Admissions,Scholarship aadmele fee eshtu barutte?,kn,neutral,True,,,
ask_fees_branch,Admissions,How much does CSE cost?,en,neutral,True,,,
ask_fees_branch,Admissions,What will I pay if I choose AIML?,en,neutral,True,,,
ask_fees_branch,Admissions,Can you tell me the fee structure for ECE?,en,neutral,True,,,
ask_fees_branch,Admissions,How expensive is Mechanical Engineering?,en,neutral,True,,,
ask_fees_branch,Admissions,What is the tuition fee for Data Science?,en,neutral,True,,,
ask_cutoff,Admissions,What is the KCET cutoff for CSE?,en,neutral,True,,,
ask_cutoff,Admissions,COMEDK closing rank for AIML?,en,neutral,True,,,
ask_cutoff,Admissions,What was last year's cutoff for ECE?,en,neutral,True,,,
ask_cutoff,Admissions,Minimum rank required for Mechanical Engineering?,en,neutral,True,,,
ask_cutoff,Admissions,Cutoff marks for Cyber Security branch?,en,neutral,True,,,
ask_cutoff,Admissions,What is the expected cutoff for ISE?,en,neutral,True,,,
ask_cutoff,Admissions,What was the closing rank for Data Science last year?,en,neutral,True,,,
ask_cutoff,Admissions,How much rank is needed for CSE through COMEDK?,en,neutral,True,,,
ask_cutoff,Admissions,What is the opening and closing rank for AIML?,en,neutral,True,,,
ask_cutoff,Admissions,CSE ka cutoff kitna hai?,hi,neutral,True,,,
ask_cutoff,Admissions,AIML ke liye kitni rank chahiye?,hi,neutral,True,,,
ask_cutoff,Admissions,COMEDK mein ECE ka closing rank kya tha?,hi,neutral,True,,,
ask_cutoff,Admissions,Data Science branch ke liye expected cutoff kya hai?,hi,neutral,True,,,
ask_cutoff,Admissions,ISE ke liye minimum rank kitni honi chahiye?,hi,neutral,True,,,
ask_cutoff,Admissions,Cyber Security ka last year cutoff kya tha?,hi,neutral,True,,,
ask_cutoff,Admissions,KCET mein CSE ke liye kitne marks chahiye?,hi,neutral,True,,,
ask_cutoff,Admissions,CSE ge cutoff eshtu?,kn,neutral,True,,,
ask_cutoff,Admissions,AIML ge rank eshtu beku?,kn,neutral,True,,,
ask_cutoff,Admissions,Mechanical ge last year cutoff enittu?,kn,confused,True,,neutral,bulk_fix_kannada_question_tag
ask_cutoff,Admissions,ECE ge closing rank eshtu ittu?,kn,neutral,True,,,
ask_cutoff,Admissions,ISE ge minimum rank eshtu beku?,kn,neutral,True,,,
ask_cutoff,Admissions,Data Science ge cutoff enittu?,kn,confused,True,,neutral,bulk_fix_kannada_question_tag
ask_cutoff,Admissions,COMEDK inda CSE ge rank eshtu beku?,kn,neutral,True,,,
ask_cutoff,Admissions,My daughter scored 82% in PUC. Can she get CSE?,en,worried,True,,,
ask_cutoff,Admissions,"My son's KCET rank is 25,000. Which branches can he get?",en,worried,True,,,
ask_cutoff,Admissions,"Based on my rank, what are my chances of getting AIML?",en,neutral,True,,,
ask_cutoff,Admissions,"I got 18,000 rank in KCET. Which branches are available for me?",en,neutral,True,,,
ask_cutoff,Admissions,Can you suggest branches based on my COMEDK rank?,en,neutral,True,,,
ask_admission_process,Admissions,What is the admission process for engineering?,en,neutral,True,,,
ask_admission_process,Admissions,How can I apply for CSE?,en,neutral,True,,,
ask_admission_process,Admissions,Steps to get admission through KCET?,en,neutral,True,,,
ask_admission_process,Admissions,What is the procedure for management quota admission?,en,neutral,True,,,
ask_admission_process,Admissions,How can I apply online?,en,neutral,True,,,
ask_admission_process,Admissions,What is the admission procedure for COMEDK students?,en,neutral,True,,,
ask_admission_process,Admissions,Admission process kya hai?,hi,neutral,True,,,
ask_admission_process,Admissions,College mein admission kaise lena hai?,hi,confused,True,,,
ask_admission_process,Admissions,KCET ke through admission kaise hota hai?,hi,neutral,True,,,
ask_admission_process,Admissions,Direct admission ka process kya hai?,hi,neutral,True,,,
ask_admission_process,Admissions,COMEDK se admission kaise milega?,hi,neutral,True,,,
ask_admission_process,Admissions,Management quota seat kaise milti hai?,hi,confused,True,,,
ask_admission_process,Admissions,Admission process hegide?,kn,neutral,True,,,
ask_admission_process,Admissions,KCET inda admission hege sigutte?,kn,neutral,True,,,
ask_admission_process,Admissions,Management seat ge apply hege maadbeku?,kn,confused,True,,,
ask_admission_process,Admissions,COMEDK moolaka admission hege?,kn,neutral,True,,,
ask_admission_process,Admissions,Online application hege submit maadodu?,kn,neutral,True,,,
ask_admission_process,Admissions,Direct admission sigutta?,en,confused,True,,neutral,bulk_fix_kannada_question_tag
ask_admission_process,Admissions,I am a parent and want to know the complete admission procedure.,en,neutral,True,,,
ask_admission_process,Admissions,Can you explain the admission process from application to joining?,en,neutral,True,,,
ask_admission_process,Admissions,I am confused about how engineering admissions work. Can you guide me?,en,confused,True,,,
ask_admission_process,Admissions,We want to know the step-by-step admission process.,en,neutral,True,,,
ask_admission_process,Admissions,How do I confirm my admission after seat allotment?,en,neutral,True,,,
ask_admission_process,Admissions,Admission ge first step enu?,kn,neutral,True,,,
ask_admission_process,Admissions,Seat allot aadmele en maadbeku?,kn,confused,True,,,
ask_admission_process,Admissions,Admission process complete aagakke eshtu dina beku?,kn,neutral,True,,,
ask_admission_process,Admissions,Parents college ge bandu admission maadbahuda?,kn,neutral,True,,,
ask_placement_by_branch,Placements,How are placements in CSE?,en,neutral,True,,,
ask_placement_by_branch,Placements,Placement percentage for AIML?,en,neutral,True,,,
ask_placement_by_branch,Placements,How are placements for ECE students?,en,neutral,True,,,
ask_placement_by_branch,Placements,Average package for Cyber Security students?,en,neutral,True,,,
ask_placement_by_branch,Placements,Highest package offered in CSE?,en,neutral,True,,,
ask_placement_by_branch,Placements,Are placements good for Mechanical Engineering?,en,neutral,True,,,
ask_placement_by_branch,Placements,How are placements for Data Science students?,en,neutral,True,,,
ask_placement_by_branch,Placements,Which branch has better placements?,en,neutral,True,,,
ask_placement_by_branch,Placements,Which branch has the highest placement percentage?,en,neutral,True,,,
ask_placement_by_branch,Placements,Which branch has better career opportunities?,en,neutral,True,,,
ask_placement_by_branch,Placements,Which branch has better future scope?,en,neutral,True,,,
ask_placement_by_branch,Placements,Which branch offers higher salary packages?,en,neutral,True,,,
ask_placement_by_branch,Placements,Which branch has better opportunities abroad?,en,neutral,True,,,
ask_placement_by_branch,Placements,Which engineering branch has more industry demand?,en,neutral,True,,,
ask_placement_by_branch,Placements,Which branch gets better campus placements?,en,neutral,True,,,
ask_placement_by_branch,Placements,CSE ka placement kaisa hai?,hi,neutral,True,,,
ask_placement_by_branch,Placements,AIML branch mein jobs milti hain kya?,hi,neutral,True,,,
ask_placement_by_branch,Placements,ECE ke placements ache hain kya?,hi,neutral,True,,,
ask_placement_by_branch,Placements,Data Science branch ka placement record kya hai?,hi,neutral,True,,,
ask_placement_by_branch,Placements,Mechanical branch mein placement hota hai kya?,hi,neutral,True,,,
ask_placement_by_branch,Placements,Placement ke liye kaunsi branch best hai?,hi,neutral,True,,,
ask_placement_by_branch,Placements,Future scope kis branch ka zyada hai?,hi,neutral,True,,,
ask_placement_by_branch,Placements,Kis branch mein salary package zyada milta hai?,hi,neutral,True,,,
ask_placement_by_branch,Placements,Abroad jobs ke liye kaunsi branch better hai?,hi,neutral,True,,,
ask_placement_by_branch,Placements,Kis branch ka placement record sabse achha hai?,hi,neutral,True,,,
ask_placement_by_branch,Placements,CSE ge placements hegide?,kn,neutral,True,,,
ask_placement_by_branch,Placements,AIML ge average package eshtu?,kn,neutral,True,,,
ask_placement_by_branch,Placements,Mechanical ge companies bartava?,en,confused,True,,,
ask_placement_by_branch,Placements,ECE ge placement support ideya?,kn,neutral,True,,,
ask_placement_by_branch,Placements,Data Science ge jobs sigutta?,kn,neutral,True,,,
ask_placement_by_branch,Placements,Placement ge yava branch best?,hi,confused,True,,,
ask_placement_by_branch,Placements,Future scope yava branch ge jasthi?,kn,neutral,True,,,
ask_placement_by_branch,Placements,Abroad opportunities yava branch ge chennagive?,kn,neutral,True,,,
ask_placement_by_branch,Placements,Highest package yava branch ge sigutte?,kn,neutral,True,,,
ask_placement_by_branch,Placements,Industry demand yava branch ge ide?,kn,neutral,True,,,
ask_placement_by_branch,Placements,My daughter wants a branch with good placements. Which one would you recommend?,en,neutral,True,,,
ask_placement_by_branch,Placements,My son is looking for long-term career growth. Which branch has better opportunities?,en,neutral,True,,,
ask_placement_by_branch,Placements,We are more concerned about job security than branch popularity. Which branch is a better choice?,en,worried,True,,,
ask_placement_by_branch,Placements,Which engineering branch has consistently performed well in campus placements?,en,neutral,True,,,
ask_placement_by_branch,Placements,Which branch is preferred by top recruiters?,en,neutral,True,,,
ask_top_recruiters,Placements,Which companies visit the campus?,en,neutral,True,,,
ask_top_recruiters,Placements,Can you tell me the top companies recruiting from SVIT?,en,neutral,True,,,
ask_top_recruiters,Placements,Which IT companies hire students?,en,neutral,True,,,
ask_top_recruiters,Placements,Who are the major placement partners?,en,neutral,True,,,
ask_top_recruiters,Placements,Do product companies visit the college?,en,neutral,True,,,
ask_top_recruiters,Placements,Which core companies recruit students?,en,neutral,True,,,
ask_top_recruiters,Placements,Are multinational companies visiting the campus?,en,neutral,True,,,
ask_top_recruiters,Placements,Which companies recruited the highest number of students last year?,en,neutral,True,,,
ask_top_recruiters,Placements,Does TCS visit the campus?,en,neutral,True,,,
ask_top_recruiters,Placements,Kaunsi companies placement ke liye aati hain?,hi,neutral,True,,,
ask_top_recruiters,Placements,College mein sabse zyada hiring kaunsi companies karti hain?,hi,neutral,True,,,
ask_top_recruiters,Placements,Amazon aur Infosys aate hain kya?,hi,neutral,True,,,
ask_top_recruiters,Placements,MNC companies visit karti hain kya?,hi,neutral,True,,,
ask_top_recruiters,Placements,TCS aur Wipro placement ke liye aate hain kya?,hi,neutral,True,,,
ask_top_recruiters,Placements,Kaun kaun si software companies aati hain?,hi,neutral,True,,,
ask_top_recruiters,Placements,Core companies bhi aati hain kya?,hi,neutral,True,,,
ask_top_recruiters,Placements,Campus ge yav yav companies bartave?,hi,excited,True,,,
ask_top_recruiters,Placements,College inda hecchu students yava companies ge select agtare?,kn,neutral,True,,,
ask_top_recruiters,Placements,Placement ge software companies bartava?,hi,neutral,True,,,
ask_top_recruiters,Placements,"TCS, Infosys bartava?",hi,neutral,True,,,
ask_top_recruiters,Placements,MNC companies campus ge bartava?,hi,neutral,True,,,
ask_top_recruiters,Placements,Core companies ge opportunities ideya?,hi,confused,True,,neutral,bulk_fix_kannada_question_tag
ask_top_recruiters,Placements,"As a parent, I want to know which companies recruit students.",en,neutral,True,,,
ask_top_recruiters,Placements,Which companies hired the most students last year?,en,neutral,True,,,
ask_top_recruiters,Placements,Are there opportunities with core companies for Mechanical and ECE students?,en,neutral,True,,,
ask_top_recruiters,Placements,Can you share the list of recent recruiters?,en,neutral,True,,,
ask_top_recruiters,Placements,Which companies offer the highest packages?,en,neutral,True,,,
ask_scholarship_available,Scholarships,Are scholarships available?,en,neutral,True,,,
ask_scholarship_available,Scholarships,What scholarships does the college offer?,en,neutral,True,,,
ask_scholarship_available,Scholarships,Can engineering students get financial aid?,en,neutral,True,,,
ask_scholarship_available,Scholarships,Are there any government scholarships?,en,neutral,True,,,
ask_scholarship_available,Scholarships,Is there any fee concession scheme?,en,neutral,True,,,
ask_scholarship_available,Scholarships,Are merit scholarships available?,en,neutral,True,,,
ask_scholarship_available,Scholarships,Does the college provide financial assistance?,en,neutral,True,,,
ask_scholarship_available,Scholarships,Are there scholarships for economically weaker students?,en,neutral,True,,,
ask_scholarship_available,Scholarships,Is there any support for SC/ST students?,en,neutral,True,,,
ask_scholarship_available,Scholarships,Scholarship milta hai kya?,hi,neutral,True,,,
ask_scholarship_available,Scholarships,College mein kaun kaun si scholarships available hain?,hi,neutral,True,,,
ask_scholarship_available,Scholarships,Fee concession options kya hain?,hi,neutral,True,,,
ask_scholarship_available,Scholarships,SC/ST students ke liye scholarship hai kya?,hi,neutral,True,,,
ask_scholarship_available,Scholarships,Merit scholarship milti hai kya?,hi,neutral,True,,,
ask_scholarship_available,Scholarships,Financial aid ka koi option hai kya?,hi,neutral,True,,,
ask_scholarship_available,Scholarships,Government scholarship ke liye apply kar sakte hain kya?,hi,neutral,True,,,
ask_scholarship_available,Scholarships,Scholarship ideya?,hi,neutral,True,,,
ask_scholarship_available,Scholarships,Fee concession sigutta?,hi,confused,True,,neutral,bulk_fix_kannada_question_tag
ask_scholarship_available,Scholarships,Government scholarship apply maadbahuda?,kn,neutral,True,,,
ask_scholarship_available,Scholarships,Merit scholarship ideya?,hi,confused,True,,neutral,bulk_fix_kannada_question_tag
ask_scholarship_available,Scholarships,Financial support sigutta?,hi,worried,True,,,
ask_scholarship_available,Scholarships,SC/ST students ge scholarship ideya?,hi,confused,True,,neutral,bulk_fix_kannada_question_tag
ask_scholarship_available,Scholarships,My daughter needs financial support. Are scholarships available?,en,worried,True,,,
ask_scholarship_available,Scholarships,We are looking for financial assistance options for engineering.,en,neutral,True,,,
ask_scholarship_available,Scholarships,I want to know all the scholarship opportunities available for students.,en,neutral,True,,,
ask_scholarship_available,Scholarships,Are there any scholarships for students with good marks?,en,neutral,True,,,
ask_scholarship_available,Scholarships,Can my child get any fee waiver?,en,neutral,True,,,
ask_scholarship_available,Scholarships,What scholarship schemes are offered by the college?,en,neutral,True,,,
ask_scholarship_available,Scholarships,Are minority scholarships available?,en,neutral,True,,,
ask_scholarship_available,Scholarships,Can students receive both college and government scholarships?,en,neutral,True,,,
ask_scholarship_available,Scholarships,College scholarship ideya?,hi,neutral,True,,,
ask_scholarship_available,Scholarships,Minority scholarship sigutta?,hi,confused,True,,neutral,bulk_fix_kannada_question_tag
ask_scholarship_eligibility,Scholarships,Who is eligible for scholarships?,en,neutral,True,,,
ask_scholarship_eligibility,Scholarships,What are the criteria for fee concessions?,en,neutral,True,,,
ask_scholarship_eligibility,Scholarships,Can COMEDK students apply for scholarships?,en,neutral,True,,,
ask_scholarship_eligibility,Scholarships,What minimum marks are required to qualify for a merit scholarship?,en,neutral,True,,,
ask_scholarship_eligibility,Scholarships,Is scholarship based on income or merit?,en,neutral,True,,,
ask_scholarship_eligibility,Scholarships,What family income limit is considered for scholarship eligibility?,en,neutral,True,,,
ask_scholarship_eligibility,Scholarships,Are first-year students eligible for scholarships?,en,neutral,True,,,
ask_scholarship_eligibility,Scholarships,Can management quota students apply for scholarships?,en,neutral,True,,,
ask_scholarship_eligibility,Scholarships,What documents are needed for scholarship applications?,en,neutral,True,,,
ask_scholarship_eligibility,Scholarships,Scholarship ke liye eligibility kya hai?,hi,neutral,True,,,
ask_scholarship_eligibility,Scholarships,Kaun scholarship ke liye apply kar sakta hai?,hi,neutral,True,,,
ask_scholarship_eligibility,Scholarships,Scholarship ke liye minimum marks kitne chahiye?,hi,neutral,True,,,
ask_scholarship_eligibility,Scholarships,Income limit kya hai scholarship ke liye?,hi,neutral,True,,,
ask_scholarship_eligibility,Scholarships,COMEDK students scholarship ke liye eligible hain kya?,hi,neutral,True,,,
ask_scholarship_eligibility,Scholarships,Scholarship ke liye income certificate zaroori hai kya?,hi,neutral,True,,,
ask_scholarship_eligibility,Scholarships,Merit scholarship ke liye kitne marks chahiye?,hi,neutral,True,,,
ask_scholarship_eligibility,Scholarships,Scholarship ge eligibility enu?,kn,neutral,True,,,
ask_scholarship_eligibility,Scholarships,Scholarship sigakke eshtu marks beku?,kn,neutral,True,,,
ask_scholarship_eligibility,Scholarships,Income certificate compulsory aa?,hi,neutral,True,,,
ask_scholarship_eligibility,Scholarships,COMEDK students ge scholarship sigutta?,hi,neutral,True,,,
ask_scholarship_eligibility,Scholarships,Scholarship ge yava documents beku?,kn,neutral,True,,,
ask_scholarship_eligibility,Scholarships,Merit scholarship ge criteria enu?,kn,neutral,True,,,
ask_scholarship_eligibility,Scholarships,My family's income is below ₹3 lakh. Can my son get a scholarship?,en,worried,True,,,
ask_scholarship_eligibility,Scholarships,My daughter scored 92%. Is she eligible for merit scholarships?,en,neutral,True,,,
ask_scholarship_eligibility,Scholarships,I want to know whether I qualify for any scholarship schemes.,en,neutral,True,,,
ask_scholarship_eligibility,Scholarships,Are there any scholarships based on academic performance?,en,neutral,True,,,
ask_scholarship_eligibility,Scholarships,Can I apply for both government and college scholarships?,en,neutral,True,,,
ask_scholarship_eligibility,Scholarships,Am I eligible for any scholarship?,en,neutral,True,,,
ask_scholarship_eligibility,Scholarships,Can KCET students apply for merit scholarships?,en,neutral,True,,,
ask_scholarship_eligibility,Scholarships,Can minority students apply for scholarships?,en,neutral,True,,,
ask_scholarship_eligibility,Scholarships,Nanna marks ge scholarship sigutta?,kn,worried,True,,,
ask_scholarship_eligibility,Scholarships,Mere marks ke hisaab se scholarship milegi?,hi,worried,True,,,
ask_branch_difference,Academics,What is the difference between CSE and AIML?,en,neutral,True,,,
ask_branch_difference,Academics,Compare CSE and ISE.,en,neutral,True,,,
ask_branch_difference,Academics,How is ISE different from CSE?,en,neutral,True,,,
ask_branch_difference,Academics,Compare AIML and Cyber Security.,en,neutral,True,,,
ask_branch_difference,Academics,What is the difference between AIML and Data Science?,en,neutral,True,,,
ask_branch_difference,Academics,How is Cyber Security different from Computer Science?,en,neutral,True,,,
ask_branch_difference,Academics,Which branch has more coding subjects?,en,neutral,True,,,
ask_branch_difference,Academics,Which branch has more mathematics?,en,neutral,True,,,
ask_branch_difference,Academics,Which branch focuses more on Artificial Intelligence?,en,neutral,True,,,
ask_branch_difference,Academics,What subjects are taught in AIML compared to CSE?,en,neutral,True,,,
ask_branch_difference,Academics,CSE aur AIML mein kya difference hai?,hi,neutral,True,,,
ask_branch_difference,Academics,Data Science aur AIML mein kya farak hai?,hi,neutral,True,,,
ask_branch_difference,Academics,Cyber Security aur CSE mein kya difference hai?,hi,neutral,True,,,
ask_branch_difference,Academics,CSE aur ISE mein kya antar hai?,hi,neutral,True,,,
ask_branch_difference,Academics,Kaunsi branch mein coding zyada hoti hai?,hi,neutral,True,,,
ask_branch_difference,Academics,CSE aur AIML ke subjects mein kya difference hai?,hi,neutral,True,,,
ask_branch_difference,Academics,Cyber Security aur CSE ka syllabus alag hai kya?,hi,neutral,True,,,
ask_branch_difference,Academics,CSE mattu AIML difference enu?,kn,neutral,True,,,
ask_branch_difference,Academics,ISE mattu CSE naduve vyathyasa enu?,kn,neutral,True,,,
ask_branch_difference,Academics,CSE mattu Cyber Security syllabus nalli en difference ide?,kn,neutral,True,,,
ask_branch_difference,Academics,AIML mattu Data Science subjects same aa?,kn,neutral,True,,,
ask_branch_difference,Academics,Yava branch alli coding jasthi ide?,kn,neutral,True,,,
ask_branch_difference,Academics,Can you help me compare different engineering branches?,en,neutral,True,,,
ask_branch_difference,Academics,I want to understand the academic differences between CSE and AIML.,en,neutral,True,,,
ask_branch_difference,Academics,Can you explain how these branches differ?,en,neutral,True,,,
ask_branch_difference,Academics,I want to compare the syllabus of different engineering branches.,en,neutral,True,,,
ask_branch_difference,Academics,Which branch focuses more on software development?,en,neutral,True,,,
ask_branch_difference,Academics,Is AIML more mathematics-oriented than CSE?,en,neutral,True,,,
ask_branch_difference,Academics,Are the subjects in CSE and Data Science similar?,en,neutral,True,,,
ask_branch_difference,Academics,Which branch is more theory-oriented?,en,neutral,True,,,
ask_branch_difference,Academics,Which branch is more practical-oriented?,en,neutral,True,,,
express_worry,Student Support,I am worried about my future.,en,worried,True,,,
express_worry,Student Support,I am scared I won't get a good job.,en,worried,True,,,
express_worry,Student Support,I think I am not good enough for engineering.,en,worried,True,,,
express_worry,Student Support,I am worried about placements.,en,worried,True,,,
express_worry,Student Support,I feel stressed about my career.,en,worried,True,,,
express_worry,Student Support,I am afraid of making the wrong decision.,en,worried,True,,,
express_worry,Student Support,I don't know if engineering is right for me.,en,worried,True,,,
express_worry,Student Support,Mujhe future ko lekar tension ho rahi hai.,hi,worried,True,,,
express_worry,Student Support,Mujhe dar lag raha hai ki placement nahi milega.,hi,worried,True,,,
express_worry,Student Support,Main engineering handle kar paunga ya nahi pata nahi.,hi,confused,True,,,
express_worry,Student Support,Mujhe lagta hai main engineering ke liye suitable nahi hoon.,hi,worried,True,,,
express_worry,Student Support,Career ko lekar bahut tension hai.,hi,worried,True,,,
express_worry,Student Support,Nanage future bagge tension ide.,kn,worried,True,,,
express_worry,Student Support,Placement sigalla antha bhaya ide.,kn,neutral,True,,,
express_worry,Student Support,Engineering manage maadakke agutta antha doubt ide.,kn,confused,True,,,
express_worry,Student Support,Career bagge tumba tension ide.,kn,worried,True,,,
express_worry,Student Support,Nanna decision sariyagideya antha gothagtila.,kn,confused,True,,,
express_worry,Student Support,My daughter is anxious about joining engineering.,en,worried,True,,,
express_worry,Student Support,My son is worried he may not perform well in college.,en,worried,True,,,
express_worry,Student Support,I am afraid I might make the wrong decision about my career.,en,worried,True,,,
express_worry,Student Support,I feel overwhelmed thinking about my future.,en,worried,True,,,
express_worry,Student Support,I need guidance because I am feeling confused.,en,confused,True,,,
ask_average_student_outcome,Student Support,Can average students get placements?,en,neutral,True,,,
ask_average_student_outcome,Student Support,Do students with average marks get good jobs?,en,neutral,True,,,
ask_average_student_outcome,Student Support,Is engineering worth it for an average student?,en,neutral,True,,,
ask_average_student_outcome,Student Support,What career opportunities do average students usually have after engineering?,en,neutral,True,,,
ask_average_student_outcome,Student Support,Can I succeed even if I am an average student?,en,worried,True,,,
ask_average_student_outcome,Student Support,Can students with backlogs get placements?,en,neutral,True,,,
ask_average_student_outcome,Student Support,Do companies consider students with average academic performance?,en,neutral,True,,,
ask_average_student_outcome,Student Support,Is it possible to build a successful career with average marks?,en,worried,True,,,
ask_average_student_outcome,Student Support,Can non-toppers get good salary packages?,en,neutral,True,,,
ask_average_student_outcome,Student Support,Average student ko placement milta hai kya?,hi,neutral,True,,,
ask_average_student_outcome,Student Support,Topper na hone par bhi job mil sakti hai?,hi,worried,True,,,
ask_average_student_outcome,Student Support,Kya average students successful hote hain?,hi,neutral,True,,,
ask_average_student_outcome,Student Support,Backlogs hone ke baad placement milta hai kya?,hi,neutral,True,,,
ask_average_student_outcome,Student Support,Average marks wale students ko achi job milti hai kya?,hi,neutral,True,,,
ask_average_student_outcome,Student Support,CGPA kam hone par placement milta hai kya?,hi,worried,True,,,
ask_average_student_outcome,Student Support,"Main topper nahi hoon, kya main successful ho sakta hoon?",hi,worried,True,,,
ask_average_student_outcome,Student Support,Average students ge placement sigutta?,hi,confused,True,,neutral,bulk_fix_kannada_question_tag
ask_average_student_outcome,Student Support,Topper alladidru job sigutta?,kn,worried,True,,,
ask_average_student_outcome,Student Support,Backlog iddru future ideya?,kn,confused,True,,neutral,bulk_fix_kannada_question_tag
ask_average_student_outcome,Student Support,Average marks iddru olle job sigutta?,kn,worried,True,,,
ask_average_student_outcome,Student Support,Kadime CGPA iddru placement sigutta?,kn,worried,True,,,
ask_average_student_outcome,Student Support,"Naanu topper alla, nanagu success sigutta?",kn,worried,True,,,
ask_average_student_outcome,Student Support,My daughter is not a topper. Will she still have good opportunities?,en,worried,True,,,
ask_average_student_outcome,Student Support,My son has average grades. Can he build a successful career?,en,worried,True,,,
ask_average_student_outcome,Student Support,I am not academically strong. Will I still be able to succeed?,en,worried,True,,,
ask_average_student_outcome,Student Support,I have average marks. Can I still get placed?,en,worried,True,,,
ask_average_student_outcome,Student Support,Will companies consider students with lower grades?,en,neutral,True,,,
ask_average_student_outcome,Student Support,Is it necessary to be a topper to get a good placement?,en,neutral,True,,,
ask_average_student_outcome,Student Support,Can hardworking average students get placed in good companies?,en,neutral,True,,,
ask_average_student_outcome,Student Support,Will my CGPA alone decide my future?,en,worried,True,,,
ask_average_student_outcome,Student Support,Do skills matter more than marks during placements?,en,neutral,True,,,
ask_average_student_outcome,Student Support,Can I improve my career even if my first-year marks are low?,en,worried,True,,,
ask_average_student_outcome,Student Support,Kya placement ke liye topper hona zaroori hai?,hi,neutral,True,,,
ask_average_student_outcome,Student Support,Agar marks average hain toh bhi achi company mil sakti hai?,hi,neutral,True,,,
ask_average_student_outcome,Student Support,Skills important hain ya marks?,hi,neutral,True,,,
ask_average_student_outcome,Student Support,First year mein marks kam aaye toh future kharab ho jayega kya?,hi,worried,True,,,
ask_average_student_outcome,Student Support,Placement ge topper agirbekaa?,hi,neutral,True,,,
ask_average_student_outcome,Student Support,Average marks iddru olle company sigutta?,kn,confused,True,,neutral,bulk_fix_kannada_question_tag
ask_average_student_outcome,Student Support,Skills important aa athava marks?,kn,confused,True,,,
ask_average_student_outcome,Student Support,First year marks kadime iddare future problem agutta?,kn,worried,True,,,
ask_accreditation,Academics,Is the college NBA accredited?,en,neutral,True,,,
ask_accreditation,Academics,Does the college have NAAC accreditation?,en,neutral,True,,,
ask_accreditation,Academics,What accreditations does the college have?,en,neutral,True,,,
ask_accreditation,Academics,Is your engineering program accredited?,en,neutral,True,,,
ask_accreditation,Academics,Is the college approved by AICTE?,en,neutral,True,,,
ask_accreditation,Academics,NBA accreditation ideya?,hi,confused,True,,neutral,bulk_fix_kannada_question_tag
ask_accreditation,Academics,College NAAC accredited aa?,hi,neutral,True,,,
ask_accreditation,Academics,AICTE approval ideya?,hi,confused,True,,neutral,bulk_fix_kannada_question_tag
ask_accreditation,Academics,College ge yava accreditations ide?,kn,neutral,True,,,
ask_accreditation,Academics,Engineering courses NBA accredited aa?,hi,confused,True,,,
ask_accreditation,Academics,NBA accreditation kya hai?,hi,neutral,True,,,
ask_accreditation,Academics,College AICTE approved hai kya?,hi,neutral,True,,,
ask_accreditation,Academics,NAAC grade kya hai?,hi,neutral,True,,,
ask_accreditation,Academics,Accreditation important hai kya?,hi,neutral,True,,,
ask_accreditation,Academics,College recognized by government hai kya?,hi,confused,True,,,
ask_accreditation,Academics,My daughter is joining engineering. Is the college properly accredited?,en,worried,True,,,
ask_accreditation,Academics,We are looking for an accredited college. What approvals does SVIT have?,en,neutral,True,,,
ask_accreditation,Academics,Can you tell me about the college accreditation?,en,neutral,True,,,
ask_accreditation,Academics,Is your degree recognized across India?,en,neutral,True,,,
ask_accreditation,Academics,Is the accreditation valid for all branches?,en,neutral,True,,,
ask_university_affiliation,Academics,Is the college autonomous or VTU?,en,neutral,True,,,
ask_university_affiliation,Academics,Is SVIT affiliated to VTU?,en,neutral,True,,,
ask_university_affiliation,Academics,Which university is the college affiliated with?,en,neutral,True,,,
ask_university_affiliation,Academics,Is this a VTU college?,en,neutral,True,,,
ask_university_affiliation,Academics,Who awards the engineering degree?,en,neutral,True,,,
ask_university_affiliation,Academics,College VTU ge affiliated aa?,hi,neutral,True,,,
ask_university_affiliation,Academics,Autonomous college aa?,en,neutral,True,,,
ask_university_affiliation,Academics,VTU athava autonomous?,kn,neutral,True,,,
ask_university_affiliation,Academics,Degree yaaru kodtare?,kn,neutral,True,,,
ask_university_affiliation,Academics,University affiliation enu?,kn,neutral,True,,,
ask_university_affiliation,Academics,College VTU ke under hai kya?,hi,neutral,True,,,
ask_university_affiliation,Academics,Autonomous college hai kya?,hi,neutral,True,,,
ask_university_affiliation,Academics,Engineering degree kis university se milegi?,hi,neutral,True,,,
ask_university_affiliation,Academics,VTU aur autonomous mein kya difference hai?,hi,neutral,True,,,
ask_university_affiliation,Academics,Affiliation kis university ke saath hai?,hi,neutral,True,,,
ask_university_affiliation,Academics,My son wants to study under VTU. Is your college affiliated?,en,neutral,True,,,
ask_university_affiliation,Academics,Who issues the final degree certificate?,en,neutral,True,,,
ask_university_affiliation,Academics,Is the college still under VTU?,en,neutral,True,,,
ask_university_affiliation,Academics,Has the college become autonomous?,en,neutral,True,,,
ask_university_affiliation,Academics,University affiliation details please.,en,neutral,True,,,
ask_autonomous,Academics,What are the benefits of studying in an autonomous college?,en,neutral,True,,,
ask_autonomous,Academics,Why should I choose an autonomous college?,en,neutral,True,,,
ask_autonomous,Academics,How is an autonomous college different from VTU?,en,neutral,True,,,
ask_autonomous,Academics,What changes after becoming autonomous?,en,neutral,True,,,
ask_autonomous,Academics,Does autonomous status help students?,en,neutral,True,,,
ask_autonomous,Academics,Autonomous college na benefits enu?,kn,confused,True,,neutral,bulk_fix_kannada_question_tag
ask_autonomous,Academics,VTU mattu autonomous difference enu?,kn,neutral,True,,,
ask_autonomous,Academics,Autonomous aadmele en changes agutte?,en,confused,True,,,
ask_autonomous,Academics,Autonomous college choose maadbekaa?,kn,neutral,True,,,
ask_autonomous,Academics,Autonomous system hegide?,kn,neutral,True,,,
ask_autonomous,Academics,Autonomous college ke kya advantages hain?,hi,neutral,True,,,
ask_autonomous,Academics,VTU aur autonomous mein kya farak hai?,hi,neutral,True,,,
ask_autonomous,Academics,Autonomous college mein syllabus alag hota hai kya?,hi,neutral,True,,,
ask_autonomous,Academics,Autonomous hone se placements improve hote hain kya?,hi,neutral,True,,,
ask_autonomous,Academics,Autonomous college better hai kya?,hi,neutral,True,,,
ask_autonomous,Academics,My daughter is confused between VTU and autonomous colleges.,en,confused,True,,,
ask_autonomous,Academics,Why are autonomous colleges considered better?,en,confused,True,,,
ask_autonomous,Academics,Does autonomous mean easier exams?,en,neutral,True,,,
ask_autonomous,Academics,Will the degree value change after becoming autonomous?,en,neutral,True,,,
ask_autonomous,Academics,Can you explain autonomous colleges in simple words?,en,neutral,True,,,
ask_branch_recommendation,Academics,Which engineering branch should I choose?,en,neutral,True,,,
ask_branch_recommendation,Academics,I like coding. Which branch is best for me?,en,neutral,True,,,
ask_branch_recommendation,Academics,I am interested in Artificial Intelligence. Which branch should I take?,en,neutral,True,,,
ask_branch_recommendation,Academics,I want to become a software engineer. Which branch is suitable?,en,neutral,True,,,
ask_branch_recommendation,Academics,Which branch suits my interests?,en,neutral,True,,,
ask_branch_recommendation,Academics,I enjoy mathematics. Which engineering branch should I choose?,en,excited,True,,,
ask_branch_recommendation,Academics,I want to work in Cyber Security. Which branch is better?,en,neutral,True,,,
ask_branch_recommendation,Academics,I like programming but I'm confused between CSE and AIML.,en,confused,True,,,
ask_branch_recommendation,Academics,Which branch is right for me?,en,confused,True,,,
ask_branch_recommendation,Academics,Can you help me choose the right engineering branch?,en,neutral,True,,,
ask_branch_recommendation,Academics,Mujhe coding pasand hai. Kaunsi branch loon?,hi,confused,True,,,
ask_branch_recommendation,Academics,Mujhe AI field mein jaana hai. Kaunsi branch best rahegi?,hi,neutral,True,,,
ask_branch_recommendation,Academics,Mere liye kaunsi engineering branch sahi rahegi?,hi,neutral,True,,,
ask_branch_recommendation,Academics,Main software engineer banna chahta hoon. Kaunsi branch loon?,hi,neutral,True,,,
ask_branch_recommendation,Academics,Branch choose karne mein confusion hai.,hi,confused,True,,,
ask_branch_recommendation,Academics,Nanage coding ishta. Yava branch togobeku?,kn,confused,True,,,
ask_branch_recommendation,Academics,AI field ge hogbeku. Yava branch best?,kn,neutral,True,,,
ask_branch_recommendation,Academics,Nanage yava engineering branch suit agutte?,kn,neutral,True,,,
ask_branch_recommendation,Academics,Software engineer agbeku. Yava branch choose maadbeku?,kn,neutral,True,,,
ask_branch_recommendation,Academics,Branch choose maadakke tumba confusion ide.,kn,confused,True,,,
ask_branch_recommendation,Academics,My daughter enjoys programming. Which branch would you recommend?,en,neutral,True,,,
ask_branch_recommendation,Academics,My son is interested in AI and Machine Learning. Which branch should he choose?,en,neutral,True,,,
ask_branch_recommendation,Academics,We are confused between CSE and AIML. Which one is better for our child?,en,confused,True,,,
ask_branch_recommendation,Academics,Can you suggest the most suitable engineering branch based on interests?,en,neutral,True,,,
ask_branch_recommendation,Academics,I want guidance in selecting the right engineering branch.,en,neutral,True,,,
ask_hostel_facilities,Campus Facilities,What facilities are available in the hostel?,en,neutral,True,,,
ask_hostel_facilities,Campus Facilities,What facilities do students get in the hostel?,en,neutral,True,,,
ask_hostel_facilities,Campus Facilities,Does the hostel provide Wi-Fi?,en,neutral,True,,,
ask_hostel_facilities,Campus Facilities,Is hostel food included in the fees?,en,neutral,True,,,
ask_hostel_facilities,Campus Facilities,Are laundry facilities available in the hostel?,en,neutral,True,,,
ask_hostel_facilities,Campus Facilities,Is there a separate hostel for girls?,en,neutral,True,,,
ask_hostel_facilities,Campus Facilities,Do hostel rooms have attached bathrooms?,en,neutral,True,,,
ask_hostel_facilities,Campus Facilities,How many students stay in one room?,en,neutral,True,,,
ask_hostel_facilities,Campus Facilities,Hostel facilities kya kya hain?,hi,neutral,True,,,
ask_hostel_facilities,Campus Facilities,Hostel mein mess facility hai kya?,hi,neutral,True,,,
ask_hostel_facilities,Campus Facilities,Hostel mein Wi-Fi milta hai kya?,hi,neutral,True,,,
ask_hostel_facilities,Campus Facilities,Girls hostel safe hai kya?,hi,worried,True,,,
ask_hostel_facilities,Campus Facilities,Hostel mein security kaisi hai?,hi,neutral,True,,,
ask_hostel_facilities,Campus Facilities,Hostel mein study room hai kya?,hi,neutral,True,,,
ask_hostel_facilities,Campus Facilities,Hostel mein 24-hour water aur electricity milti hai?,hi,neutral,True,,,
ask_hostel_facilities,Campus Facilities,Parents hostel dekh sakte hain kya?,hi,neutral,True,,,
ask_hostel_facilities,Campus Facilities,Hostel ge en en facilities ide?,kn,neutral,True,,,
ask_hostel_facilities,Campus Facilities,Hostel alli students ge yava facilities sigutte?,kn,neutral,True,,,
ask_hostel_facilities,Campus Facilities,Wi-Fi mattu laundry ideya hostel alli?,kn,neutral,True,,,
ask_hostel_facilities,Campus Facilities,Separate hostel ideya boys mattu girls ge?,kn,neutral,True,,,
ask_hostel_facilities,Campus Facilities,Hostel ge 24x7 security ideya?,kn,worried,True,,,
ask_hostel_facilities,Campus Facilities,CCTV ideya hostel alli?,kn,neutral,True,,,
ask_hostel_facilities,Campus Facilities,Study room ideya?,hi,neutral,True,,,
ask_hostel_facilities,Campus Facilities,Parents hostel nodbahuda?,kn,neutral,True,,,
ask_hostel_facilities,Campus Facilities,My daughter will stay in the hostel. What facilities are available?,en,neutral,True,,,
ask_hostel_facilities,Campus Facilities,My son is coming from another city. Is hostel accommodation comfortable?,en,neutral,True,,,
ask_hostel_facilities,Campus Facilities,I want to know about hostel life and facilities.,en,neutral,True,,,
ask_hostel_facilities,Campus Facilities,What facilities are provided to hostel students besides accommodation?,en,neutral,True,,,
ask_hostel_facilities,Campus Facilities,Is the hostel available for first-year students?,en,neutral,True,,,
ask_hostel_facilities,Campus Facilities,Is 24×7 security available in the hostel?,en,neutral,True,,,
ask_hostel_facilities,Campus Facilities,Does the hostel have CCTV surveillance?,en,neutral,True,,,
ask_hostel_facilities,Campus Facilities,Are study rooms available in the hostel?,en,neutral,True,,,
ask_hostel_facilities,Campus Facilities,Is hot water available in the hostel?,en,neutral,True,,,
ask_hostel_facilities,Campus Facilities,Are visitors allowed inside the hostel?,en,neutral,True,,,
ask_hostel_facilities,Campus Facilities,What are the hostel timings?,en,neutral,True,,,
ask_hostel_facilities,Campus Facilities,Is medical assistance available for hostel students?,en,neutral,True,,,
ask_transport_routes,Campus Facilities,What transport facilities are available?,en,neutral,True,,,
ask_transport_routes,Campus Facilities,Does the college provide bus service?,en,neutral,True,,,
ask_transport_routes,Campus Facilities,What are the bus routes for the college?,en,neutral,True,,,
ask_transport_routes,Campus Facilities,Is transportation available from Bangalore city?,en,neutral,True,,,
ask_transport_routes,Campus Facilities,What is the bus fee structure?,en,neutral,True,,,
ask_transport_routes,Campus Facilities,Are there buses from my area?,en,neutral,True,,,
ask_transport_routes,Campus Facilities,What are the college bus timings?,en,neutral,True,,,
ask_transport_routes,Campus Facilities,Is transport available for first-year students?,en,neutral,True,,,
ask_transport_routes,Campus Facilities,Can I check the bus route before admission?,en,neutral,True,,,
ask_transport_routes,Campus Facilities,Does the college bus cover Electronic City?,en,neutral,True,,,
ask_transport_routes,Campus Facilities,Transport facility available hai kya?,hi,neutral,True,,,
ask_transport_routes,Campus Facilities,College bus timings kya hain?,hi,neutral,True,,,
ask_transport_routes,Campus Facilities,Bus route details kaise milenge?,hi,neutral,True,,,
ask_transport_routes,Campus Facilities,College bus ka fee kitna hai?,hi,neutral,True,,,
ask_transport_routes,Campus Facilities,Bus pass compulsory hai kya?,hi,neutral,True,,,
ask_transport_routes,Campus Facilities,Bus facility ideya?,hi,neutral,True,,,
ask_transport_routes,Campus Facilities,College bus yav yav routes alli hogutte?,kn,neutral,True,,,
ask_transport_routes,Campus Facilities,Transport charges eshtu?,kn,neutral,True,,,
ask_transport_routes,Campus Facilities,Namma area ge bus barutta?,kn,neutral,True,,,
ask_transport_routes,Campus Facilities,Bus timings enu?,kn,neutral,True,,,
ask_transport_routes,Campus Facilities,Bus route list sigutta?,kn,confused,True,,neutral,bulk_fix_kannada_question_tag
ask_transport_routes,Campus Facilities,My daughter will commute daily. Is transport available?,en,neutral,True,,,
ask_transport_routes,Campus Facilities,My son lives far from the campus. What are the transport options?,en,neutral,True,,,
ask_transport_routes,Campus Facilities,I want to know whether college buses cover my location.,en,neutral,True,,,
ask_transport_routes,Campus Facilities,What transport options are available for day scholars?,en,neutral,True,,,
ask_transport_routes,Campus Facilities,Can you explain the college bus and transport facilities?,en,neutral,True,,,
ask_library,Campus Facilities,Does the college have a library?,en,neutral,True,,,
ask_library,Campus Facilities,What learning resources are available in the library?,en,neutral,True,,,
ask_library,Campus Facilities,Is there a digital library facility?,en,neutral,True,,,
ask_library,Campus Facilities,What are the library timings?,en,neutral,True,,,
ask_library,Campus Facilities,Can students borrow books?,en,neutral,True,,,
ask_library,Campus Facilities,Does the library have technical journals?,en,neutral,True,,,
ask_library,Campus Facilities,Is the library open during weekends?,en,neutral,True,,,
ask_library,Campus Facilities,Can students study in the library after classes?,en,neutral,True,,,
ask_library,Campus Facilities,Does the library have previous-year question papers?,en,neutral,True,,,
ask_library,Campus Facilities,Can students access online journals and research papers?,en,neutral,True,,,
ask_library,Campus Facilities,Is there a quiet study area inside the library?,en,neutral,True,,,
ask_library,Campus Facilities,Library mein kaunsi facilities hain?,hi,neutral,True,,,
ask_library,Campus Facilities,Library se books issue kar sakte hain kya?,hi,neutral,True,,,
ask_library,Campus Facilities,Digital library available hai kya?,hi,neutral,True,,,
ask_library,Campus Facilities,Competitive exam books ideya?,hi,neutral,True,,,
ask_library,Campus Facilities,Library ideya college alli?,kn,neutral,True,,,
ask_library,Campus Facilities,Library timing enu?,kn,neutral,True,,,
ask_library,Campus Facilities,Students ge books borrow maadakke agutta?,kn,neutral,True,,,
ask_library,Campus Facilities,E-books available ideya?,hi,neutral,True,,,
ask_library,Campus Facilities,Weekend alli library open irutta?,kn,neutral,True,,,
ask_library,Campus Facilities,Library alli individual study area ideya?,kn,neutral,True,,,
ask_library,Campus Facilities,My daughter spends a lot of time studying. Is the library well equipped?,en,neutral,True,,,
ask_library,Campus Facilities,My son needs access to technical resources. Does the library provide them?,en,neutral,True,,,
ask_library,Campus Facilities,I want to know about the study resources available in the library.,en,neutral,True,,,
ask_labs,Campus Facilities,What labs are available for CSE students?,en,neutral,True,,,
ask_labs,Campus Facilities,Does the college have modern laboratories?,en,neutral,True,,,
ask_labs,Campus Facilities,What laboratory facilities are available for engineering students?,en,neutral,True,,,
ask_labs,Campus Facilities,Are computer labs available for all branches?,en,neutral,True,,,
ask_labs,Campus Facilities,Are the laboratories equipped with modern equipment and software?,en,neutral,True,,,
ask_labs,Campus Facilities,Is there an AI and Machine Learning lab?,en,neutral,True,,,
ask_labs,Campus Facilities,Are labs accessible after class hours?,en,neutral,True,,,
ask_labs,Campus Facilities,Are students allowed to use labs for projects?,en,neutral,True,,,
ask_labs,Campus Facilities,Are labs available during weekends?,en,neutral,True,,,
ask_labs,Campus Facilities,Are industry-standard tools and software available in the labs?,en,neutral,True,,,
ask_labs,Campus Facilities,Do students work on real-world projects in laboratories?,en,neutral,True,,,
ask_labs,Campus Facilities,Labs kaise hain college mein?,hi,neutral,True,,,
ask_labs,Campus Facilities,Computer labs updated hain kya?,hi,neutral,True,,,
ask_labs,Campus Facilities,Practical sessions regularly hote hain kya?,hi,neutral,True,,,
ask_labs,Campus Facilities,Labs hegide college alli?,kn,neutral,True,,,
ask_labs,Campus Facilities,Modern equipment ideya labs alli?,kn,neutral,True,,,
ask_labs,Campus Facilities,AIML ge separate lab ideya?,kn,neutral,True,,,
ask_labs,Campus Facilities,Practical classes proper aagi nadeyutta?,kn,confused,True,,,
ask_labs,Campus Facilities,Students ge lab access sigutta?,kn,neutral,True,,,
ask_labs,Campus Facilities,Industry software ideya labs alli?,kn,neutral,True,,,
ask_labs,Campus Facilities,Mini project work ge labs use maadbahuda?,kn,neutral,True,,,
ask_labs,Campus Facilities,My daughter prefers hands-on learning. How are the labs?,en,neutral,True,,,
ask_labs,Campus Facilities,My son is interested in research and projects. Are the labs good enough?,en,neutral,True,,,
ask_labs,Campus Facilities,I want to know whether students get practical exposure.,en,neutral,True,,,
ask_student_support,Student Support,What support services are available for students?,en,neutral,True,,,
ask_student_support,Student Support,Does the college provide mentoring?,en,neutral,True,,,
ask_student_support,Student Support,Is career counseling available?,en,neutral,True,,,
ask_student_support,Student Support,Do students get academic guidance?,en,neutral,True,,,
ask_student_support,Student Support,Is there mental health support on campus?,en,neutral,True,,,
ask_student_support,Student Support,Are there anti-ragging measures in place?,en,neutral,True,,,
ask_student_support,Student Support,Student support services kya kya hain?,hi,neutral,True,,,
ask_student_support,Student Support,Counseling facility available hai kya?,hi,neutral,True,,,
ask_student_support,Student Support,Mentorship program hai kya?,hi,neutral,True,,,
ask_student_support,Student Support,Weak students ko support milta hai kya?,hi,neutral,True,,,
ask_student_support,Student Support,Student support ideya?,hi,neutral,True,,,
ask_student_support,Student Support,Mentors assign maadtara students ge?,hi,neutral,True,,,
ask_student_support,Student Support,Counseling facility ideya campus alli?,kn,neutral,True,,,
ask_student_support,Student Support,Academic help sigutta?,en,neutral,True,,,
ask_student_support,Student Support,Problems idre yaranna contact maadbeku?,kn,neutral,True,,,
ask_student_support,Student Support,My daughter may need extra academic support. What help is available?,en,worried,True,,,
ask_student_support,Student Support,My son is shy and may need guidance during the first year.,en,worried,True,,,
ask_student_support,Student Support,I want to know how the college supports struggling students.,en,neutral,True,,,
ask_student_support,Student Support,Whom should students contact if they need academic or personal support?,en,neutral,True,,,
ask_student_support,Student Support,Is there a faculty mentor for every student?,en,neutral,True,,,
ask_student_support,Student Support,Does the college provide placement mentoring?,en,neutral,True,,,
ask_student_support,Student Support,First year students ge mentor assign maadtara?,hi,neutral,True,,,
ask_student_support,Student Support,Parents concerns idre yaranna contact maadbeku?,kn,neutral,True,,,
ask_student_support,Student Support,How does the college support first-year students?,en,neutral,True,,,
ask_faculty_approachability,Student Support,Are the faculty members approachable?,en,neutral,True,,,
ask_faculty_approachability,Student Support,How supportive are the professors?,en,neutral,True,,,
ask_faculty_approachability,Student Support,Can students easily interact with teachers?,en,neutral,True,,,
ask_faculty_approachability,Student Support,Do faculty members help outside class hours?,en,neutral,True,,,
ask_faculty_approachability,Student Support,Do faculty members maintain a friendly and supportive environment for students?,en,neutral,True,,,
ask_faculty_approachability,Student Support,Is there a mentorship system with faculty?,en,neutral,True,,,
ask_faculty_approachability,Student Support,Faculty supportive hai kya?,hi,neutral,True,,,
ask_faculty_approachability,Student Support,Teachers doubts clear karte hain kya?,hi,neutral,True,,,
ask_faculty_approachability,Student Support,Professors approachable hain kya?,hi,neutral,True,,,
ask_faculty_approachability,Student Support,Faculty students ko guide karti hai kya?,hi,neutral,True,,,
ask_faculty_approachability,Student Support,Class ke baad faculty doubts clear karti hai kya?,hi,neutral,True,,,
ask_faculty_approachability,Student Support,Projects ke liye professors guide karte hain kya?,hi,neutral,True,,,
ask_faculty_approachability,Student Support,Placement preparation mein faculty help karti hai kya?,hi,neutral,True,,,
ask_faculty_approachability,Student Support,Faculty hegide college alli?,kn,neutral,True,,,
ask_faculty_approachability,Student Support,Teachers jothe easy aagi maatadbahuda?,kn,neutral,True,,,
ask_faculty_approachability,Student Support,Doubts kelidre faculty help maadtara?,kn,neutral,True,,,
ask_faculty_approachability,Student Support,Faculty supportive ideya projects ge?,hi,confused,True,,,
ask_faculty_approachability,Student Support,Mentors assign maadtara faculty inda?,kn,neutral,True,,,
ask_faculty_approachability,Student Support,Class mugida mele doubts kelbahuda?,kn,neutral,True,,,
ask_faculty_approachability,Student Support,Projects ge faculty guide maadtara?,kn,neutral,True,,,
ask_faculty_approachability,Student Support,Placement preparation ge faculty support ideya?,hi,neutral,True,,,
ask_faculty_approachability,Student Support,My daughter is introverted. Will faculty members support her?,en,worried,True,,,
ask_faculty_approachability,Student Support,My son may need extra guidance. Are the professors helpful?,en,worried,True,,,
ask_faculty_approachability,Student Support,I want to know whether students can comfortably approach faculty.,en,neutral,True,,,
ask_faculty_approachability,Student Support,Do teachers encourage questions and discussions?,en,neutral,True,,,
ask_faculty_approachability,Student Support,How involved are faculty members in student development?,en,neutral,True,,,
ask_faculty_approachability,Student Support,Are faculty members available after class for doubts?,en,neutral,True,,,
ask_faculty_approachability,Student Support,Do professors encourage project work and research?,en,neutral,True,,,
ask_faculty_approachability,Student Support,Will faculty guide students during placements?,en,neutral,True,,,
ask_faculty_approachability,Student Support,Can students freely approach HODs and professors?,en,neutral,True,,,
ask_course_duration,Academics,How many years is engineering?,en,neutral,True,,,
ask_course_duration,Academics,Duration of CSE course?,en,neutral,True,,,
ask_course_duration,Academics,How long is the B.E. program?,en,neutral,True,,,
ask_course_duration,Academics,MBA course duration?,en,neutral,True,,,
ask_course_duration,Academics,How many semesters are there in engineering?,en,neutral,True,,,
ask_course_duration,Academics,How long does it take to complete AIML?,en,neutral,True,,,
ask_course_duration,Academics,How long does the course take to complete?,en,neutral,True,,,
ask_course_duration,Academics,What is the duration of the Computer Science course?,en,neutral,True,,,
ask_course_duration,Academics,How many semesters are there in B.E.?,en,neutral,True,,,
ask_course_duration,Academics,Is engineering a 4-year course?,en,neutral,True,,,
ask_course_duration,Academics,How long does it take to graduate?,en,neutral,True,,,
ask_course_duration,Academics,Does every engineering branch have the same duration?,en,neutral,True,,,
ask_course_duration,Academics,Engineering course kitne saal ka hai?,hi,neutral,True,,,
ask_course_duration,Academics,Engineering 4 saal ka course hai kya?,hi,neutral,True,,,
ask_course_duration,Academics,B.E. mein kitne semesters hote hain?,hi,neutral,True,,,
ask_course_duration,Academics,AIML course kitne saal ka hai?,hi,neutral,True,,,
ask_course_duration,Academics,Sabhi branches ka duration same hai kya?,hi,neutral,True,,,
ask_course_duration,Academics,CSE ge course duration eshtu?,kn,neutral,True,,,
ask_course_duration,Academics,B.E. complete maadakke eshtu varsha beku?,kn,neutral,True,,,
ask_course_duration,Academics,Engineering 4 varsha course aa?,hi,neutral,True,,,
ask_course_duration,Academics,B.E. alli eshtu semesters idave?,kn,neutral,True,,,
ask_course_duration,Academics,Ella branches duration same aa?,en,neutral,True,,,
ask_course_duration,Academics,AIML course eshtu varsha ide?,kn,neutral,True,,,
ask_campus_placement_training,Placements,Do you provide placement training?,en,neutral,True,,,
ask_campus_placement_training,Placements,Does the college conduct placement preparation classes?,en,neutral,True,,,
ask_campus_placement_training,Placements,Does the college provide coding training for placements?,en,neutral,True,,,
ask_campus_placement_training,Placements,Does the college provide interview preparation and guidance?,en,neutral,True,,,
ask_campus_placement_training,Placements,Soft skills training available?,en,neutral,True,,,
ask_campus_placement_training,Placements,Mock interviews available?,en,neutral,True,,,
ask_campus_placement_training,Placements,How does SVIT prepare students for placements?,en,neutral,True,,,
ask_campus_placement_training,Placements,How is college placement training conducted?,en,neutral,True,,,
ask_campus_placement_training,Placements,Does the college provide aptitude training before placements?,en,neutral,True,,,
ask_campus_placement_training,Placements,Are communication skills training sessions conducted?,en,neutral,True,,,
ask_campus_placement_training,Placements,Do students receive technical interview training?,en,neutral,True,,,
ask_campus_placement_training,Placements,Is placement training compulsory for all students?,en,neutral,True,,,
ask_campus_placement_training,Placements,From which year does placement training begin?,en,neutral,True,,,
ask_campus_placement_training,Placements,College placement training kaise conduct hota hai?,hi,neutral,True,,,
ask_campus_placement_training,Placements,Placement ke liye aptitude training milti hai kya?,hi,neutral,True,,,
ask_campus_placement_training,Placements,Technical interview ki preparation karvate hain kya?,hi,neutral,True,,,
ask_campus_placement_training,Placements,Placement training kis year se start hoti hai?,hi,neutral,True,,,
ask_campus_placement_training,Placements,Aptitude coaching ide?,en,neutral,True,,,
ask_campus_placement_training,Placements,Resume building sessions conduct maadtira?,hi,neutral,True,,,
ask_campus_placement_training,Placements,Placement aptitude training ideya?,hi,confused,True,,neutral,bulk_fix_kannada_question_tag
ask_campus_placement_training,Placements,Technical interview training kodtara?,kn,neutral,True,,,
ask_campus_placement_training,Placements,Placement training yava year inda start agutte?,kn,neutral,True,,,
ask_campus_life,Campus,How is campus life at SVIT?,en,neutral,True,,,
ask_campus_life,Campus,Are there clubs and student activities?,en,neutral,True,,,
ask_campus_life,Campus,What technical clubs are available for students?,en,neutral,True,,,
ask_campus_life,Campus,What events happen in college?,en,neutral,True,,,
ask_campus_life,Campus,Are there cultural fests?,en,neutral,True,,,
ask_campus_life,Campus,How active is student life outside academics?,en,neutral,True,,,
ask_campus_life,Campus,Is college life enjoyable?,en,neutral,True,,,
ask_campus_life,Campus,What extracurricular activities are available for students?,en,neutral,True,,,
ask_campus_life,Campus,Are there student clubs and societies?,en,neutral,True,,,
ask_campus_life,Campus,Does the college organize hackathons and technical events?,en,neutral,True,,,
ask_campus_life,Campus,Are sports and cultural activities encouraged?,en,neutral,True,,,
ask_campus_life,Campus,What annual events are conducted on campus?,en,neutral,True,,,
ask_campus_life,Campus,Is campus life fun and engaging?,en,neutral,True,,,
ask_campus_life,Campus,College life kaisa hai?,hi,neutral,True,,,
ask_campus_life,Campus,College mein clubs aur events hote hain kya?,hi,neutral,True,,,
ask_campus_life,Campus,Hackathons aur technical competitions hote hain kya?,hi,neutral,True,,,
ask_campus_life,Campus,Campus life enjoyable hai kya?,hi,neutral,True,,,
ask_campus_life,Campus,Campus life hegide?,kn,neutral,True,,,
ask_campus_life,Campus,College alli clubs mattu events idiya?,kn,neutral,True,,,
ask_campus_life,Campus,Hackathon mattu technical competitions nadeyutta?,kn,neutral,True,,,
ask_campus_life,Campus,Campus life chennagideya?,kn,neutral,True,,,
ask_attendance_policy,Academics,What is the attendance policy?,en,neutral,True,,,
ask_attendance_policy,Academics,Minimum attendance required?,en,neutral,True,,,
ask_attendance_policy,Academics,Is 75 percent attendance mandatory?,en,neutral,True,,,
ask_attendance_policy,Academics,How many classes can I miss?,en,neutral,True,,,
ask_attendance_policy,Academics,What happens if attendance is low?,en,neutral,True,,,
ask_attendance_policy,Academics,Is attendance compulsory?,en,neutral,True,,,
ask_attendance_policy,Academics,Can I write exams with low attendance?,en,worried,True,,,
ask_attendance_policy,Academics,What are the rules for attendance shortage?,en,neutral,True,,,
ask_attendance_policy,Academics,Is 75% attendance compulsory for every subject?,en,neutral,True,,,
ask_attendance_policy,Academics,Can medical leave be considered for attendance?,en,neutral,True,,,
ask_attendance_policy,Academics,Will I be detained if my attendance is below the minimum requirement?,en,worried,True,,,
ask_attendance_policy,Academics,Are there any exceptions to the attendance rule?,en,neutral,True,,,
ask_attendance_policy,Academics,How is attendance calculated?,en,neutral,True,,,
ask_attendance_policy,Academics,College ki attendance policy kya hai?,hi,neutral,True,,,
ask_attendance_policy,Academics,Agar attendance kam ho toh kya hoga?,hi,worried,True,,,
ask_attendance_policy,Academics,Medical reason se attendance shortage consider karte hain kya?,hi,neutral,True,,,
ask_attendance_policy,Academics,Har subject mein 75% attendance zaroori hai kya?,hi,neutral,True,,,
ask_attendance_policy,Academics,Exam attend maadakke minimum attendance eshtu beku?,kn,neutral,True,,,
ask_attendance_policy,Academics,Attendance kam iddare enagutte?,kn,worried,True,,,
ask_attendance_policy,Academics,Medical reason iddare attendance consider maadtara?,kn,confused,True,,,
ask_attendance_policy,Academics,Prati subject ge 75% attendance compulsory aa?,kn,neutral,True,,,
ask_working_hours,Campus,What are college timings?,en,neutral,True,,,
ask_working_hours,Campus,When do classes start?,en,neutral,True,,,
ask_working_hours,Campus,When do classes end?,en,neutral,True,,,
ask_working_hours,Campus,How many working days per week?,en,neutral,True,,,
ask_working_hours,Campus,Is Saturday a holiday?,en,neutral,True,,,
ask_working_hours,Campus,What are the working hours?,en,neutral,True,,,
ask_working_hours,Campus,What time does the first class begin?,en,neutral,True,,,
ask_working_hours,Campus,What time does the last class end?,en,neutral,True,,,
ask_working_hours,Campus,Is the college open on Sundays?,en,neutral,True,,,
ask_working_hours,Campus,What are the office working hours?,en,neutral,True,,,
ask_working_hours,Campus,Are timings different for first-year students?,en,neutral,True,,,
ask_working_hours,Campus,Class timings kya hai?,hi,neutral,True,,,
ask_working_hours,Campus,College kitne baje start hota hai?,hi,neutral,True,,,
ask_working_hours,Campus,Office timing kya hai?,hi,neutral,True,,,
ask_working_hours,Campus,Sunday ko college khula rehta hai kya?,hi,neutral,True,,,
ask_working_hours,Campus,College yaava time ge start agatte?,kn,neutral,True,,,
ask_working_hours,Campus,Regular class timings hegive?,en,neutral,True,,,
ask_working_hours,Campus,College yaava time inda yaava time varege open irutte?,kn,neutral,True,,,
ask_working_hours,Campus,First class yaava time ge start agutte?,kn,neutral,True,,,
ask_working_hours,Campus,Office timings enu?,kn,neutral,True,,,
ask_working_hours,Campus,Sunday college open irutta?,en,neutral,True,,,
ask_facilities_accessibility,Campus,Is the campus wheelchair accessible?,en,neutral,True,,,
ask_facilities_accessibility,Campus,Is a medical facility available?,en,neutral,True,,,
ask_facilities_accessibility,Campus,Is emergency support available?,en,neutral,True,,,
ask_facilities_accessibility,Campus,Is a first aid facility available?,en,neutral,True,,,
ask_facilities_accessibility,Campus,Is there a health center on campus?,en,neutral,True,,,
ask_facilities_accessibility,Campus,Are there ramps for disabled students?,en,neutral,True,,,
ask_facilities_accessibility,Campus,Is accessibility support available for students?,en,neutral,True,,,
ask_facilities_accessibility,Campus,Are there special facilities for differently abled students?,en,neutral,True,,,
ask_facilities_accessibility,Campus,Is there a medical room available in the college?,en,neutral,True,,,
ask_facilities_accessibility,Campus,What accessibility features are available on campus?,en,neutral,True,,,
ask_required_documents,Admissions,What documents are required for admission?,en,neutral,True,,,
ask_required_documents,Admissions,Can you give me the document checklist?,en,neutral,True,,,
ask_required_documents,Admissions,Which certificates should I bring during admission?,en,neutral,True,,,
ask_required_documents,Admissions,What should I carry on admission day?,en,neutral,True,,,
ask_required_documents,Admissions,Admission documents list please.,en,neutral,True,,,
ask_required_documents,Admissions,Original documents compulsory?,en,neutral,True,,,
ask_required_documents,Admissions,Are original certificates mandatory?,en,neutral,True,,,
ask_required_documents,Admissions,Can I submit photocopies?,en,neutral,True,,,
ask_required_documents,Admissions,Is document verification compulsory?,en,neutral,True,,,
ask_required_documents,Admissions,When is document verification conducted?,en,neutral,True,,,
ask_required_documents,Admissions,Do I need TC for admission?,en,neutral,True,,,
ask_required_documents,Admissions,Is a migration certificate required?,en,neutral,True,,,
ask_required_documents,Admissions,Is caste certificate required?,en,neutral,True,,,
ask_required_documents,Admissions,Should I bring income certificate?,en,neutral,True,,,
ask_required_documents,Admissions,What identity proof should I carry?,en,neutral,True,,,
ask_required_documents,Admissions,Which documents are needed for KCET admission?,en,neutral,True,,,
ask_required_documents,Admissions,Which documents are required for COMEDK admission?,en,neutral,True,,,
ask_required_documents,Admissions,What documents are needed for management quota admission?,en,neutral,True,,,
ask_required_documents,Admissions,Admission ke liye kaunse documents chahiye?,hi,neutral,True,,,
ask_required_documents,Admissions,Admission ke time kya kya documents lana hai?,hi,neutral,True,,,
ask_required_documents,Admissions,Original documents compulsory hain kya?,hi,neutral,True,,,
ask_required_documents,Admissions,TC aur migration certificate chahiye kya?,hi,neutral,True,,,
ask_required_documents,Admissions,Document verification kab hota hai?,hi,neutral,True,,,
ask_required_documents,Admissions,Income certificate zaroori hai kya?,hi,neutral,True,,,
ask_required_documents,Admissions,Admission document list bhej dijiye.,hi,neutral,True,,,
ask_required_documents,Admissions,Admission ge yava documents beku?,kn,neutral,True,,,
ask_required_documents,Admissions,Original documents compulsory aa?,en,confused,True,,,
ask_required_documents,Admissions,Document verification hegide?,kn,neutral,True,,,
ask_required_documents,Admissions,TC compulsory aa?,hi,neutral,True,,,
ask_required_documents,Admissions,Migration certificate beka?,hi,confused,True,,,
ask_required_documents,Admissions,Admission dina en en documents tarbeku?,kn,neutral,True,,,
ask_required_documents,Admissions,Documents verification yavaga agutte?,kn,neutral,True,,,
ask_required_documents,Admissions,My daughter is taking admission. What documents should we carry?,en,neutral,True,,,
ask_required_documents,Admissions,My son got a seat through KCET. Which certificates are required?,en,neutral,True,,,
ask_required_documents,Admissions,Can you share the complete admission document checklist?,en,neutral,True,,,
ask_application_deadline,Admissions,What is the last date to apply?,en,neutral,True,,,
ask_application_deadline,Admissions,Admission application deadline?,en,neutral,True,,,
ask_application_deadline,Admissions,When do admissions close?,en,neutral,True,,,
ask_application_deadline,Admissions,Is the application still open?,en,neutral,True,,,
ask_application_deadline,Admissions,Can I apply next week?,en,neutral,True,,,
ask_application_deadline,Admissions,What is the last date for admission?,en,neutral,True,,,
ask_application_deadline,Admissions,When does the admission process end?,en,neutral,True,,,
ask_application_deadline,Admissions,Has the admission deadline passed?,en,neutral,True,,,
ask_application_deadline,Admissions,Is there still time to apply?,en,worried,True,,,
ask_application_deadline,Admissions,Can I submit my application today?,en,neutral,True,,,
ask_application_deadline,Admissions,Are admissions currently open?,en,neutral,True,,,
ask_application_deadline,Admissions,When does online application close?,en,neutral,True,,,
ask_application_deadline,Admissions,Last date for KCET admission?,en,neutral,True,,,
ask_application_deadline,Admissions,Last date for COMEDK admission?,en,neutral,True,,,
ask_application_deadline,Admissions,Management admission deadline?,en,neutral,True,,,
ask_application_deadline,Admissions,Is late admission allowed?,en,neutral,True,,,
ask_application_deadline,Admissions,Can I apply after the deadline?,en,neutral,True,,,
ask_application_deadline,Admissions,When should I submit my documents?,en,neutral,True,,,
ask_application_deadline,Admissions,Admission ki last date kya hai?,hi,neutral,True,,,
ask_application_deadline,Admissions,Admission form submit karne ki last date kya hai?,hi,neutral,True,,,
ask_application_deadline,Admissions,Admissions abhi open hain kya?,hi,neutral,True,,,
ask_application_deadline,Admissions,Kya main abhi apply kar sakta hoon?,hi,neutral,True,,,
ask_application_deadline,Admissions,Management quota admission ki last date kya hai?,hi,neutral,True,,,
ask_application_deadline,Admissions,KCET admission kab band honge?,hi,neutral,True,,,
ask_application_deadline,Admissions,Application last date yavaga?,kn,neutral,True,,,
ask_application_deadline,Admissions,Admission form submit maadakke last date enu?,kn,neutral,True,,,
ask_application_deadline,Admissions,Admissions innu open idiya?,kn,neutral,True,,,
ask_application_deadline,Admissions,Naanu next week apply maadbahuda?,kn,neutral,True,,,
ask_application_deadline,Admissions,Management admission deadline yavaga?,kn,neutral,True,,,
ask_application_deadline,Admissions,KCET admission ge last date yavudu?,kn,neutral,True,,,
ask_application_deadline,Admissions,My daughter will apply next week. Will admissions still be open?,en,neutral,True,,,
ask_application_deadline,Admissions,We are planning for admission. What is the application deadline?,en,neutral,True,,,
ask_application_deadline,Admissions,Can you tell me the admission schedule?,en,neutral,True,,,
ask_admission_status,Admissions,How can I check my admission status?,en,neutral,True,,,
ask_admission_status,Admissions,Has my admission been confirmed?,en,neutral,True,,,
ask_admission_status,Admissions,Can I check whether my admission is approved?,en,neutral,True,,,
ask_admission_status,Admissions,Is my seat confirmed?,en,neutral,True,,,
ask_admission_status,Admissions,How do I track my application?,en,neutral,True,,,
ask_admission_status,Admissions,Can I know my application status?,en,neutral,True,,,
ask_admission_status,Admissions,Has my application been accepted?,en,neutral,True,,,
ask_admission_status,Admissions,Is my admission process completed?,en,neutral,True,,,
ask_admission_status,Admissions,Can I check my admission online?,en,neutral,True,,,
ask_admission_status,Admissions,How will I know if my admission is confirmed?,en,worried,True,,,
ask_admission_status,Admissions,When will my admission be confirmed?,en,neutral,True,,,
ask_admission_status,Admissions,Has my seat been allotted?,en,neutral,True,,,
ask_admission_status,Admissions,Can I track my admission progress?,en,neutral,True,,,
ask_admission_status,Admissions,Admission status hegide?,kn,neutral,True,,,
ask_admission_status,Admissions,Admission confirm ayta?,hi,neutral,True,,,
ask_admission_status,Admissions,Seat confirmed aa?,hi,neutral,True,,,
ask_admission_status,Admissions,Application status check hege?,kn,neutral,True,,,
ask_admission_status,Admissions,Admission complete ayta?,hi,neutral,True,,,
ask_admission_status,Admissions,Seat allot ayta?,hi,confused,True,,,
ask_admission_status,Admissions,Nanna application approve ayta?,kn,neutral,True,,,
ask_admission_status,Admissions,Mera admission confirm hua kya?,hi,worried,True,,,
ask_admission_status,Admissions,Application status kaise check karu?,hi,neutral,True,,,
ask_admission_status,Admissions,Seat allot hui kya?,hi,neutral,True,,,
ask_admission_status,Admissions,Admission process complete hua kya?,hi,neutral,True,,,
ask_admission_status,Admissions,Meri application approve hui kya?,hi,neutral,True,,,
ask_admission_status,Admissions,Admission online check kar sakta hoon kya?,hi,neutral,True,,,
ask_admission_status,Admissions,My daughter has submitted her application. How can we check the status?,en,neutral,True,,,
ask_admission_status,Admissions,My son completed document verification. Has his admission been confirmed?,en,neutral,True,,,
ask_admission_status,Admissions,Can you tell me whether my admission is successful?,en,neutral,True,,,
ask_seat_availability,Admissions,Are seats available in CSE?,en,neutral,True,,,
ask_seat_availability,Admissions,Seat availability for ECE?,en,neutral,True,,,
ask_seat_availability,Admissions,Are AIML seats available?,en,neutral,True,,,
ask_seat_availability,Admissions,Can I still get a seat?,en,neutral,True,,,
ask_seat_availability,Admissions,Seats remaining?,en,neutral,True,,,
ask_seat_availability,Admissions,Any seats left in Computer Science?,en,neutral,True,,,
ask_seat_availability,Admissions,Are admissions open for Mechanical Engineering?,en,neutral,True,,,
ask_seat_availability,Admissions,Is Cyber Security full?,en,neutral,True,,,
ask_seat_availability,Admissions,Are management seats available?,en,neutral,True,,,
ask_seat_availability,Admissions,Any vacancy in Civil Engineering?,en,neutral,True,,,
ask_seat_availability,Admissions,Can I get a seat through KCET?,en,neutral,True,,,
ask_seat_availability,Admissions,Can I get a COMEDK seat?,en,neutral,True,,,
ask_seat_availability,Admissions,Is there any seat available for Data Science?,en,neutral,True,,,
ask_seat_availability,Admissions,CSE seats available aa?,en,neutral,True,,,
ask_seat_availability,Admissions,AIML seat sigutta?,kn,neutral,True,,,
ask_seat_availability,Admissions,Mechanical seats full aa?,en,neutral,True,,,
ask_seat_availability,Admissions,Civil branch seats ideya?,hi,confused,True,,neutral,bulk_fix_kannada_question_tag
ask_seat_availability,Admissions,Management seats ideya?,hi,neutral,True,,,
ask_seat_availability,Admissions,KCET inda seat sigutta?,kn,neutral,True,,,
ask_seat_availability,Admissions,COMEDK seat ideya?,hi,confused,True,,neutral,bulk_fix_kannada_question_tag
ask_seat_availability,Admissions,CSE mein seats available hain kya?,hi,neutral,True,,,
ask_seat_availability,Admissions,Management quota mein seat milegi kya?,hi,neutral,True,,,
ask_seat_availability,Admissions,ECE branch full ho gayi kya?,hi,neutral,True,,,
ask_seat_availability,Admissions,Cyber Security mein vacancy hai kya?,hi,neutral,True,,,
ask_seat_availability,Admissions,Abhi bhi admission mil sakta hai kya?,hi,worried,True,,,
ask_seat_availability,Admissions,Data Science ki seats bachi hain kya?,hi,neutral,True,,,
ask_seat_availability,Admissions,My daughter wants CSE. Are seats still available?,en,neutral,True,,,
ask_seat_availability,Admissions,My son is applying through COMEDK. Are seats available?,en,neutral,True,,,
ask_seat_availability,Admissions,Can you tell me the current seat availability?,en,neutral,True,,,
ask_contact_admission_office,Admissions,How can I contact the admission office?,en,neutral,True,,,
ask_contact_admission_office,Admissions,Admission office number?,en,neutral,True,,,
ask_contact_admission_office,Admissions,Admission office contact details?,en,neutral,True,,,
ask_contact_admission_office,Admissions,Whom should I contact for admissions?,en,neutral,True,,,
ask_contact_admission_office,Admissions,Can I talk to the admission in-charge?,en,neutral,True,,,
ask_contact_admission_office,Admissions,Admission enquiry contact?,en,neutral,True,,,
ask_contact_admission_office,Admissions,Admission office email?,en,neutral,True,,,
ask_contact_admission_office,Admissions,Can I visit the admission office?,en,neutral,True,,,
ask_contact_admission_office,Admissions,Who is the admission counselor?,en,neutral,True,,,
ask_contact_admission_office,Admissions,Admission office working hours?,en,neutral,True,,,
ask_contact_admission_office,Admissions,Can I call the admission department?,en,neutral,True,,,
ask_contact_admission_office,Admissions,Admission office location?,en,neutral,True,,,
ask_contact_admission_office,Admissions,How do I contact the admission team?,en,neutral,True,,,
ask_contact_admission_office,Admissions,Admission office ellide?,en,confused,True,,,
ask_contact_admission_office,Admissions,Admission office ge call maadbeku.,kn,neutral,True,,,
ask_contact_admission_office,Admissions,Admission office email ideya?,hi,neutral,True,,,
ask_contact_admission_office,Admissions,Admission office timings enu?,kn,neutral,True,,,
ask_contact_admission_office,Admissions,Admission department contact kodi.,en,neutral,True,,,
ask_contact_admission_office,Admissions,Admission office ge visit maadbahuda?,kn,neutral,True,,,
ask_contact_admission_office,Admissions,Admission office ka number chahiye.,hi,neutral,True,,,
ask_contact_admission_office,Admissions,Admission office se kaise contact karu?,hi,neutral,True,,,
ask_contact_admission_office,Admissions,Admission enquiry ke liye kisse baat karu?,hi,neutral,True,,,
ask_contact_admission_office,Admissions,Admission office ka email kya hai?,hi,neutral,True,,,
ask_contact_admission_office,Admissions,Admission office kab open rehta hai?,hi,neutral,True,,,
ask_contact_admission_office,Admissions,Counselor se baat kar sakte hain kya?,hi,neutral,True,,,
ask_contact_admission_office,Admissions,My daughter needs admission guidance. Whom should we contact?,en,neutral,True,,,
ask_contact_admission_office,Admissions,My son has some admission-related questions. Can we speak to the admission office?,en,neutral,True,,,
ask_contact_admission_office,Admissions,Can you share the official admission contact details?,en,neutral,True,,,
ask_curriculum,Academics,What is the curriculum for CSE?,en,neutral,True,,,
ask_curriculum,Academics,Can I see the CSE syllabus?,en,neutral,True,,,
ask_curriculum,Academics,What subjects are taught in AIML?,en,neutral,True,,,
ask_curriculum,Academics,What is the latest curriculum?,en,neutral,True,,,
ask_curriculum,Academics,Semester-wise syllabus?,en,neutral,True,,,
ask_curriculum,Academics,Can I download the syllabus?,en,neutral,True,,,
ask_curriculum,Academics,Is the curriculum updated regularly?,en,neutral,True,,,
ask_curriculum,Academics,How many subjects are there in first year?,en,neutral,True,,,
ask_curriculum,Academics,What are the core subjects in ISE?,en,neutral,True,,,
ask_curriculum,Academics,Does every branch have a different syllabus?,en,neutral,True,,,
ask_curriculum,Academics,What subjects are included in Cyber Security?,en,neutral,True,,,
ask_curriculum,Academics,Can I get the semester-wise curriculum?,en,neutral,True,,,
ask_curriculum,Academics,What is taught in Data Science?,en,neutral,True,,,
ask_curriculum,Academics,Are electives included in the syllabus?,en,neutral,True,,,
ask_curriculum,Academics,Course curriculum kya hai?,hi,neutral,True,,,
ask_curriculum,Academics,CSE syllabus kya hai?,hi,neutral,True,,,
ask_curriculum,Academics,Latest syllabus available hai kya?,hi,neutral,True,,,
ask_curriculum,Academics,Semester-wise subjects bataiye.,hi,neutral,True,,,
ask_curriculum,Academics,Engineering syllabus kaisa hai?,hi,neutral,True,,,
ask_curriculum,Academics,AIML mein kaunse subjects hote hain?,hi,neutral,True,,,
ask_curriculum,Academics,CSE syllabus enu?,kn,neutral,True,,,
ask_curriculum,Academics,Engineering syllabus hegide?,hi,neutral,True,,,
ask_curriculum,Academics,Semester-wise syllabus ideya?,hi,neutral,True,,,
ask_curriculum,Academics,Latest syllabus sigutta?,kn,neutral,True,,,
ask_curriculum,Academics,Cyber Security subjects enu?,kn,neutral,True,,,
ask_curriculum,Academics,Curriculum update aagideya?,kn,neutral,True,,,
ask_curriculum,Academics,My daughter wants to know the subjects in CSE.,en,neutral,True,,,
ask_curriculum,Academics,Can you share the curriculum for all engineering branches?,en,neutral,True,,,
ask_curriculum,Academics,I want to know what I'll study during the four years.,en,neutral,True,,,
ask_exam_pattern,Academics,What is the exam pattern?,en,neutral,True,,,
ask_exam_pattern,Academics,How are semester exams conducted?,en,neutral,True,,,
ask_exam_pattern,Academics,How many internal exams are there?,en,neutral,True,,,
ask_exam_pattern,Academics,Are there practical exams?,en,neutral,True,,,
ask_exam_pattern,Academics,What is the assessment pattern?,en,neutral,True,,,
ask_exam_pattern,Academics,Theory practical marks ratio?,en,neutral,True,,,
ask_exam_pattern,Academics,How are students evaluated?,en,neutral,True,,,
ask_exam_pattern,Academics,Are lab exams conducted?,en,neutral,True,,,
ask_exam_pattern,Academics,How many internals are compulsory?,en,neutral,True,,,
ask_exam_pattern,Academics,What is the weightage of internals?,en,neutral,True,,,
ask_exam_pattern,Academics,How many marks are assigned to internals?,en,neutral,True,,,
ask_exam_pattern,Academics,How difficult are engineering exams?,en,neutral,True,,,
ask_exam_pattern,Academics,When are semester exams conducted?,en,neutral,True,,,
ask_exam_pattern,Academics,How is the final exam conducted?,en,neutral,True,,,
ask_exam_pattern,Academics,Exam pattern kya hai?,hi,neutral,True,,,
ask_exam_pattern,Academics,Internal exams hote hain kya?,hi,neutral,True,,,
ask_exam_pattern,Academics,Lab exams bhi hote hain kya?,hi,neutral,True,,,
ask_exam_pattern,Academics,Engineering exams difficult hain kya?,hi,neutral,True,,,
ask_exam_pattern,Academics,Assessment kaise hota hai?,hi,neutral,True,,,
ask_exam_pattern,Academics,Theory aur practical marks kitne hote hain?,hi,neutral,True,,,
ask_exam_pattern,Academics,Semester exams hegide?,kn,neutral,True,,,
ask_exam_pattern,Academics,Internal exams ideya?,hi,confused,True,,neutral,bulk_fix_kannada_question_tag
ask_exam_pattern,Academics,Lab exams ideya?,hi,neutral,True,,,
ask_exam_pattern,Academics,Assessment pattern enu?,kn,confused,True,,neutral,bulk_fix_kannada_question_tag
ask_exam_pattern,Academics,Engineering exams kashta aa?,hi,worried,True,,,
ask_exam_pattern,Academics,Exam schedule hegide?,kn,neutral,True,,,
ask_exam_pattern,Academics,My son wants to know how engineering students are evaluated.,en,neutral,True,,,
ask_exam_pattern,Academics,Can you explain the examination process?,en,neutral,True,,,
ask_exam_pattern,Academics,How are marks distributed between internals and semester exams?,en,neutral,True,,,
ask_grading_system,Academics,How does the grading system work?,en,neutral,True,,,
ask_grading_system,Academics,How is CGPA calculated?,en,neutral,True,,,
ask_grading_system,Academics,How are grades awarded?,en,neutral,True,,,
ask_grading_system,Academics,What are the passing marks?,en,neutral,True,,,
ask_grading_system,Academics,Minimum CGPA required?,en,neutral,True,,,
ask_grading_system,Academics,How are credits calculated?,en,neutral,True,,,
ask_grading_system,Academics,What is the difference between SGPA and CGPA?,en,neutral,True,,,
ask_grading_system,Academics,How is the evaluation process carried out?,en,neutral,True,,,
ask_grading_system,Academics,What grading scale does the college follow?,en,neutral,True,,,
ask_grading_system,Academics,How many credits are required to graduate?,en,neutral,True,,,
ask_grading_system,Academics,How can I improve my CGPA?,en,neutral,True,,,
ask_grading_system,Academics,Is CGPA calculated every semester?,en,neutral,True,,,
ask_grading_system,Academics,How are final grades calculated?,en,neutral,True,,,
ask_grading_system,Academics,What grade is considered distinction?,en,neutral,True,,,
ask_grading_system,Academics,Grading system kya hai?,hi,neutral,True,,,
ask_grading_system,Academics,Passing marks kitne hain?,hi,neutral,True,,,
ask_grading_system,Academics,CGPA kaise calculate hota hai?,hi,neutral,True,,,
ask_grading_system,Academics,SGPA aur CGPA mein kya difference hai?,hi,neutral,True,,,
ask_grading_system,Academics,Credits kaise calculate karte hain?,hi,neutral,True,,,
ask_grading_system,Academics,Evaluation process kya hai?,hi,neutral,True,,,
ask_grading_system,Academics,CGPA calculate hege?,kn,confused,True,,neutral,bulk_fix_kannada_question_tag
ask_grading_system,Academics,Passing marks eshtu?,kn,neutral,True,,,
ask_grading_system,Academics,Credits hege calculate maadtare?,kn,neutral,True,,,
ask_grading_system,Academics,SGPA mattu CGPA difference enu?,kn,neutral,True,,,
ask_grading_system,Academics,Grading system hegide?,kn,confused,True,,neutral,bulk_fix_kannada_question_tag
ask_grading_system,Academics,Evaluation process enu?,kn,confused,True,,neutral,bulk_fix_kannada_question_tag
ask_grading_system,Academics,My daughter wants to understand the CGPA system.,en,neutral,True,,,
ask_grading_system,Academics,Can you explain the grading system in simple words?,en,neutral,True,,,
ask_grading_system,Academics,How is academic performance evaluated?,en,neutral,True,,,
ask_academic_structure,Academics,Does the college offer electives?,en,neutral,True,,,
ask_academic_structure,Academics,Can I choose elective subjects?,en,neutral,True,,,
ask_academic_structure,Academics,Minor degree available?,en,neutral,True,,,
ask_academic_structure,Academics,Honours program available?,en,neutral,True,,,
ask_academic_structure,Academics,What is the credit system?,en,neutral,True,,,
ask_academic_structure,Academics,Is there a Choice Based Credit System?,en,neutral,True,,,
ask_academic_structure,Academics,Can I choose my specialization later?,en,neutral,True,,,
ask_academic_structure,Academics,Does the college offer honours courses?,en,neutral,True,,,
ask_academic_structure,Academics,Are minor degree programs available?,en,neutral,True,,,
ask_academic_structure,Academics,How flexible is the curriculum?,en,neutral,True,,,
ask_academic_structure,Academics,Can students customize their course?,en,neutral,True,,,
ask_academic_structure,Academics,What academic options are available?,en,neutral,True,,,
ask_academic_structure,Academics,Can I study interdisciplinary subjects?,en,neutral,True,,,
ask_academic_structure,Academics,Are open electives offered?,en,neutral,True,,,
ask_academic_structure,Academics,Can I take electives from other departments?,en,neutral,True,,,
ask_academic_structure,Academics,Academic structure kya hai?,hi,neutral,True,,,
ask_academic_structure,Academics,Choice Based Credit System hai kya?,hi,neutral,True,,,
ask_academic_structure,Academics,Elective subjects choose kar sakte hain kya?,hi,neutral,True,,,
ask_academic_structure,Academics,Honours program available hai kya?,hi,neutral,True,,,
ask_academic_structure,Academics,Minor degree milti hai kya?,hi,confused,True,,,
ask_academic_structure,Academics,Specialization baad mein choose kar sakte hain kya?,hi,neutral,True,,,
ask_academic_structure,Academics,Credit system hegide?,kn,neutral,True,,,
ask_academic_structure,Academics,Flexible curriculum ideya?,hi,neutral,True,,,
ask_academic_structure,Academics,Choice based credit system ideya?,hi,neutral,True,,,
ask_academic_structure,Academics,Minor degree ideya?,hi,confused,True,,neutral,bulk_fix_kannada_question_tag
ask_academic_structure,Academics,Honours program ideya?,hi,confused,True,,neutral,bulk_fix_kannada_question_tag
ask_academic_structure,Academics,Elective subjects togobahuda?,hi,confused,True,,,
ask_academic_structure,Academics,Specialization later choose maadbahuda?,kn,neutral,True,,,
ask_academic_structure,Academics,My daughter wants to pursue an honours degree. Is it available?,en,neutral,True,,,
ask_academic_structure,Academics,Can my son take electives based on his interests?,en,neutral,True,,,
ask_academic_structure,Academics,I want to know about the academic flexibility offered by the college.,en,neutral,True,,,
ask_internship_opportunities,Placements,Are internships provided?,en,neutral,True,,,
ask_internship_opportunities,Placements,Does the college arrange internships?,en,neutral,True,,,
ask_internship_opportunities,Placements,Are internship opportunities available?,en,neutral,True,,,
ask_internship_opportunities,Placements,Do students get internships through the college?,en,neutral,True,,,
ask_internship_opportunities,Placements,Are paid internships available?,en,neutral,True,,,
ask_internship_opportunities,Placements,Are summer internships offered?,en,neutral,True,,,
ask_internship_opportunities,Placements,Which companies provide internships?,en,neutral,True,,,
ask_internship_opportunities,Placements,Can first-year students do internships?,en,neutral,True,,,
ask_internship_opportunities,Placements,When do internships start?,en,neutral,True,,,
ask_internship_opportunities,Placements,Is internship compulsory?,en,neutral,True,,,
ask_internship_opportunities,Placements,Does the college help students find internships?,en,neutral,True,,,
ask_internship_opportunities,Placements,Do all branches get internship opportunities?,en,neutral,True,,,
ask_internship_opportunities,Placements,Are internships available in AI and Machine Learning?,en,neutral,True,,,
ask_internship_opportunities,Placements,Can I do an internship outside the college?,en,neutral,True,,,
ask_internship_opportunities,Placements,Does the college provide internship certificates?,en,neutral,True,,,
ask_internship_opportunities,Placements,Internship opportunities ideya?,hi,neutral,True,,,
ask_internship_opportunities,Placements,Internship sigutta?,en,neutral,True,,,
ask_internship_opportunities,Placements,College internship arrange maadtara?,hi,neutral,True,,,
ask_internship_opportunities,Placements,Paid internships ideya?,hi,neutral,True,,,
ask_internship_opportunities,Placements,Companies internship kodtara?,kn,confused,True,,,
ask_internship_opportunities,Placements,Industry internships available ideya?,hi,neutral,True,,,
ask_internship_opportunities,Placements,Internship yava year inda start agutte?,kn,neutral,True,,,
ask_internship_opportunities,Placements,Internship opportunities hain kya?,hi,neutral,True,,,
ask_internship_opportunities,Placements,College internship arrange karta hai kya?,hi,neutral,True,,,
ask_internship_opportunities,Placements,Paid internship milti hai kya?,hi,neutral,True,,,
ask_internship_opportunities,Placements,Summer internship available hai kya?,hi,neutral,True,,,
ask_internship_opportunities,Placements,Placement se pehle internship karna compulsory hai kya?,hi,neutral,True,,,
ask_internship_opportunities,Placements,Internship ke liye companies aati hain kya?,hi,neutral,True,,,
ask_internship_opportunities,Placements,My daughter wants industry experience before graduation. Does the college provide internships?,en,neutral,True,,,
ask_internship_opportunities,Placements,My son wants a paid internship. Does the college help students?,en,neutral,True,,,
ask_internship_opportunities,Placements,Can you explain the internship opportunities available for engineering students?,en,neutral,True,,,
ask_cafeteria,Campus,Is there a cafeteria?,en,neutral,True,,,
ask_cafeteria,Campus,How is the college canteen?,en,neutral,True,,,
ask_cafeteria,Campus,Is vegetarian food available?,en,neutral,True,,,
ask_cafeteria,Campus,What are the cafeteria timings?,en,neutral,True,,,
ask_cafeteria,Campus,Are snacks available?,en,neutral,True,,,
ask_cafeteria,Campus,How is the food quality?,en,neutral,True,,,
ask_cafeteria,Campus,College canteen hegide?,kn,neutral,True,,,
ask_cafeteria,Campus,Canteen ideya?,hi,neutral,True,,,
ask_cafeteria,Campus,Food quality hegide?,kn,neutral,True,,,
ask_cafeteria,Campus,Vegetarian food ideya?,hi,neutral,True,,,
ask_cafeteria,Campus,College mein cafeteria hai kya?,hi,neutral,True,,,
ask_cafeteria,Campus,Canteen ka food kaisa hai?,hi,neutral,True,,,
ask_cafeteria,Campus,Food prices kya hain?,hi,neutral,True,,,
ask_cafeteria,Campus,Mess aur cafeteria alag hain kya?,hi,neutral,True,,,
ask_cafeteria,Campus,My daughter will stay on campus. How is the cafeteria?,en,neutral,True,,,
ask_cafeteria,Campus,Can students get meals inside the campus?,en,neutral,True,,,
ask_wifi,Campus,Is Wi-Fi available?,en,neutral,True,,,
ask_wifi,Campus,Is campus Wi-Fi free?,en,neutral,True,,,
ask_wifi,Campus,Do students get Wi-Fi access?,en,neutral,True,,,
ask_wifi,Campus,Is internet available on campus?,en,neutral,True,,,
ask_wifi,Campus,Is Wi-Fi available in the hostel?,en,neutral,True,,,
ask_wifi,Campus,Campus Wi-Fi ideya?,hi,confused,True,,neutral,bulk_fix_kannada_question_tag
ask_wifi,Campus,Students ge Wi-Fi sigutta?,kn,neutral,True,,,
ask_wifi,Campus,Hostel Wi-Fi ideya?,hi,neutral,True,,,
ask_wifi,Campus,Internet facility ideya?,hi,neutral,True,,,
ask_wifi,Campus,Campus mein Wi-Fi hai kya?,hi,neutral,True,,,
ask_wifi,Campus,Wi-Fi password students ko milta hai kya?,hi,neutral,True,,,
ask_wifi,Campus,Campus internet speed kaisi hai?,hi,neutral,True,,,
ask_wifi,Campus,Does the entire campus have Wi-Fi coverage?,en,neutral,True,,,
ask_wifi,Campus,Can students use college Wi-Fi?,en,neutral,True,,,
ask_parking,Campus,Is parking available?,en,neutral,True,,,
ask_parking,Campus,Is bike parking available?,en,neutral,True,,,
ask_parking,Campus,Is car parking available?,en,neutral,True,,,
ask_parking,Campus,Are there parking charges?,en,neutral,True,,,
ask_parking,Campus,Is student parking available?,en,neutral,True,,,
ask_parking,Campus,Bike parking ideya?,hi,neutral,True,,,
ask_parking,Campus,Car parking ideya?,hi,neutral,True,,,
ask_parking,Campus,Parking safe aa?,hi,worried,True,,,
ask_parking,Campus,Parking facility hai kya?,hi,neutral,True,,,
ask_parking,Campus,Two wheeler parking hai kya?,hi,neutral,True,,,
ask_parking,Campus,Parking charges kitne hain?,hi,neutral,True,,,
ask_parking,Campus,Can visitors park inside the campus?,en,neutral,True,,,
ask_parking,Campus,Is parking available for faculty and students?,en,neutral,True,,,
ask_infrastructure,Campus,How is the college infrastructure?,en,neutral,True,,,
ask_infrastructure,Campus,Are smart classrooms available?,en,neutral,True,,,
ask_infrastructure,Campus,How big is the campus?,en,neutral,True,,,
ask_infrastructure,Campus,Is the campus well maintained?,en,neutral,True,,,
ask_infrastructure,Campus,How are the classrooms?,en,neutral,True,,,
ask_infrastructure,Campus,Campus facilities hegide?,kn,neutral,True,,,
ask_infrastructure,Campus,Modern classrooms ideya?,hi,neutral,True,,,
ask_infrastructure,Campus,College environment hegide?,kn,neutral,True,,,
ask_infrastructure,Campus,Infrastructure kaisa hai?,hi,neutral,True,,,
ask_infrastructure,Campus,Campus kitna bada hai?,hi,neutral,True,,,
ask_infrastructure,Campus,College well maintained hai kya?,hi,neutral,True,,,
ask_infrastructure,Campus,Can you tell me about the campus facilities?,en,neutral,True,,,
ask_infrastructure,Campus,How is the overall campus environment?,en,neutral,True,,,
ask_student_clubs,Campus,Are there student clubs?,en,neutral,True,,,
ask_student_clubs,Campus,Are there technical clubs?,en,neutral,True,,,
ask_student_clubs,Campus,Is there a coding club?,en,neutral,True,,,
ask_student_clubs,Campus,Can students join clubs?,en,neutral,True,,,
ask_student_clubs,Campus,Are cultural clubs available?,en,neutral,True,,,
ask_student_clubs,Campus,Technical clubs ideya?,hi,neutral,True,,,
ask_student_clubs,Campus,Coding club ideya?,hi,neutral,True,,,
ask_student_clubs,Campus,Clubs join maadbahuda?,kn,neutral,True,,,
ask_student_clubs,Campus,College mein clubs hain kya?,hi,neutral,True,,,
ask_student_clubs,Campus,Innovation clubs available hain kya?,hi,neutral,True,,,
ask_student_clubs,Campus,IEEE student chapter hai kya?,hi,neutral,True,,,
ask_student_clubs,Campus,My daughter wants to join technical clubs.,en,neutral,True,,,
ask_student_clubs,Campus,What student clubs are available on campus?,en,neutral,True,,,
ask_entrepreneurship_support,Campus,Does the college support startups?,en,neutral,True,,,
ask_entrepreneurship_support,Campus,Is there an entrepreneurship cell?,en,neutral,True,,,
ask_entrepreneurship_support,Campus,Is there an incubation center?,en,neutral,True,,,
ask_entrepreneurship_support,Campus,Are startup programs available?,en,neutral,True,,,
ask_entrepreneurship_support,Campus,Does the college encourage entrepreneurship?,en,neutral,True,,,
ask_entrepreneurship_support,Campus,Can students start a company while studying?,en,neutral,True,,,
ask_entrepreneurship_support,Campus,Are innovation labs available?,en,neutral,True,,,
ask_entrepreneurship_support,Campus,Is funding support available for student startups?,en,neutral,True,,,
ask_entrepreneurship_support,Campus,Does the college conduct entrepreneurship workshops?,en,neutral,True,,,
ask_entrepreneurship_support,Campus,Can I get guidance for my business idea?,en,neutral,True,,,
ask_entrepreneurship_support,Campus,Entrepreneurship cell ideya?,hi,neutral,True,,,
ask_entrepreneurship_support,Campus,Startup support sigutta?,en,neutral,True,,,
ask_entrepreneurship_support,Campus,Innovation lab ideya?,hi,neutral,True,,,
ask_entrepreneurship_support,Campus,Business ideas ge support ideya?,kn,neutral,True,,,
ask_entrepreneurship_support,Campus,Funding support ideya?,hi,neutral,True,,,
ask_entrepreneurship_support,Campus,Startup guidance milta hai?,hi,neutral,True,,,
ask_entrepreneurship_support,Campus,College startup ko support karta hai kya?,hi,neutral,True,,,
ask_entrepreneurship_support,Campus,Incubation center hai kya?,hi,neutral,True,,,
ask_entrepreneurship_support,Campus,Business idea ke liye mentor milta hai kya?,hi,neutral,True,,,
ask_entrepreneurship_support,Campus,My son wants to start his own company after engineering. Does the college support entrepreneurship?,en,neutral,True,,,
ask_entrepreneurship_support,Campus,Can students receive mentoring for startup ideas?,en,neutral,True,,,
ask_research_opportunities,Academics,Are research opportunities available?,en,neutral,True,,,
ask_research_opportunities,Academics,Can undergraduate students do research?,en,neutral,True,,,
ask_research_opportunities,Academics,Are research projects available?,en,neutral,True,,,
ask_research_opportunities,Academics,Can students work with faculty on research?,en,neutral,True,,,
ask_research_opportunities,Academics,Are research labs available?,en,neutral,True,,,
ask_research_opportunities,Academics,Does the college support publications?,en,neutral,True,,,
ask_research_opportunities,Academics,Can students publish research papers?,en,neutral,True,,,
ask_research_opportunities,Academics,Is research encouraged for engineering students?,en,neutral,True,,,
ask_research_opportunities,Academics,Can I participate in research during my B.E.?,en,neutral,True,,,
ask_research_opportunities,Academics,Are there funded research projects?,en,neutral,True,,,
ask_research_opportunities,Academics,Research projects ideya?,hi,neutral,True,,,
ask_research_opportunities,Academics,Faculty research join maadbahuda?,kn,neutral,True,,,
ask_research_opportunities,Academics,Students research maadbahuda?,kn,neutral,True,,,
ask_research_opportunities,Academics,Research labs ideya?,hi,confused,True,,neutral,bulk_fix_kannada_question_tag
ask_research_opportunities,Academics,Research guidance sigutta?,en,confused,True,,neutral,bulk_fix_kannada_question_tag
ask_research_opportunities,Academics,Research opportunities kya hain?,hi,neutral,True,,,
ask_research_opportunities,Academics,Research paper publish kar sakte hain kya?,hi,neutral,True,,,
ask_research_opportunities,Academics,Faculty ke saath research kar sakte hain kya?,hi,neutral,True,,,
ask_research_opportunities,Academics,Engineering students research karte hain kya?,hi,neutral,True,,,
ask_research_opportunities,Academics,My daughter is interested in research. What opportunities are available?,en,neutral,True,,,
ask_research_opportunities,Academics,Can students participate in research before graduation?,en,neutral,True,,,
greet,General,Hi,en,neutral,True,,,
greet,General,Hello,en,neutral,True,,,
greet,General,Hey,en,neutral,True,,,
greet,General,Good morning,en,neutral,True,,,
greet,General,Good afternoon,en,neutral,True,,,
greet,General,Good evening,en,neutral,True,,,
greet,General,Hi there,en,neutral,True,,,
greet,General,Hello SVIT,en,neutral,True,,,
greet,General,Hey assistant,en,neutral,True,,,
greet,General,Can we talk?,en,neutral,True,,,
greet,General,Namaste,hi,neutral,True,,,
greet,General,Namaskar,hi,neutral,True,,,
greet,General,Hello ji,en,neutral,True,,,
greet,General,Hi dost,hi,neutral,True,,,
greet,General,Namaskara,kn,neutral,True,,,
greet,General,Hi guru,en,neutral,True,,,
greet,General,Hello sir,en,neutral,True,,,
greet,General,Hello madam,en,neutral,True,,,
greet,General,Is anyone there?,en,neutral,True,,,
greet,General,Can you help me?,en,neutral,True,,,
greet,General,"Hi, I have a question.",en,neutral,True,,,
greet,General,"Hello, I need some information.",en,neutral,True,,,
fallback,General,Who won the IPL?,en,neutral,True,,,
fallback,General,What's the weather today?,en,neutral,True,,,
fallback,General,Tell me a joke.,en,neutral,True,,,
fallback,General,Write Python code.,en,neutral,True,,,
fallback,General,Solve this math problem.,en,neutral,True,,,
fallback,General,Translate this sentence.,en,neutral,True,,,
fallback,General,Who is the Prime Minister of India?,en,neutral,True,,,
fallback,General,How do I cook biryani?,en,neutral,True,,,
fallback,General,Book a flight for me.,en,neutral,True,,,
fallback,General,Play a song.,en,neutral,True,,,
fallback,General,Aaj weather kaisa hai?,hi,neutral,True,,,
fallback,General,Ek joke sunao.,hi,neutral,True,,,
fallback,General,Python program likho.,hi,neutral,True,,,
fallback,General,Mujhe movie recommend karo.,hi,neutral,True,,,
fallback,General,Ivattu weather hegide?,kn,neutral,True,,,
fallback,General,Ondu joke heli.,kn,neutral,True,,,
fallback,General,Python code bari.,hi,neutral,True,,,
fallback,General,Movie recommend maadu.,kn,neutral,True,,,
fallback,General,Who is Cristiano Ronaldo?,en,neutral,True,,,
fallback,General,Tell me today's news.,en,neutral,True,,,
fallback,General,Open YouTube.,en,neutral,True,,,
fallback,General,How to lose weight?,en,neutral,True,,,
fallback,General,What is the capital of Japan?,en,neutral,True,,,
